submodular_value,neg_cost,run
293810.89870732906,-562,1
301158.73546279117,-570,1
319471.50864375493,-594,1
316706.0406794077,-589,1
322727.9461857679,-599,1
307753.0626266462,-578,1
331817.3280050086,-614,1
331319.2687614515,-613,1
338716.81671721506,-631,1
307753.0626266462,-578,1
307753.0626266462,-578,1
293810.89870732906,-562,1
308171.51777724066,-579,1
319656.85135791,-595,1
318418.04755852546,-592,1
322811.73062040523,-600,1
321942.41307431314,-597,1
288964.2347944288,-557,1
313986.068088144,-585,1
327338.64554791624,-604,1
306268.3313731305,-576,1
325810.05363803403,-601,1
319656.85135791,-595,1
316706.0406794077,-589,1
319656.85135791,-595,1
307753.0626266462,-578,1
309206.45034183876,-580,1
320347.6625028041,-596,1
338615.3230694415,-626,1
330987.68685327435,-612,1
305272.7314372247,-574,1
338716.6498251547,-627,1
320347.6625028041,-596,1
314777.2153942468,-586,1
291767.01650808327,-558,1
326401.87633725756,-603,1
299696.88223085494,-568,1
305272.7314372247,-574,1
331319.2687614515,-613,1
307753.0626266462,-578,1
334950.0099368184,-618,1
330987.68685327435,-612,1
303616.0230307664,-572,1
287621.3876349876,-555,1
330461.7959838836,-610,1
322727.9461857679,-599,1
334470.9761563712,-616,1
305754.2626465935,-575,1
309206.45034183876,-580,1
310935.60332250403,-583,1
316706.0406794077,-589,1
338350.6857005747,-625,1
319656.85135791,-595,1
340698.18902944954,-633,1
298591.273996984,-566,1
305272.7314372247,-574,1
299439.7672212914,-567,1
319656.85135791,-595,1
337407.1923672713,-621,1
337785.6410854147,-622,1
319471.50864375493,-594,1
310612.586347817,-582,1
293810.89870732906,-562,1
298591.273996984,-566,1
318418.04755852546,-592,1
305754.2626465935,-575,1
340698.18902944954,-633,1
299439.7672212914,-567,1
318098.5407751074,-591,1
292590.6532896975,-560,1
322712.56029462174,-598,1
316706.0406794077,-589,1
296735.25890731736,-564,1
329500.1574457161,-608,1
296301.7501898128,-563,1
322727.9461857679,-599,1
328267.7936455884,-605,1
319471.50864375493,-594,1
307202.9446589178,-577,1
293810.89870732906,-562,1
313641.8464799667,-584,1
293810.89870732906,-562,1
320347.6625028041,-596,1
316539.194701016,-588,1
338350.6857005747,-625,1
319656.85135791,-595,1
309452.3008426366,-581,1
292218.3328407906,-559,1
326194.64758138015,-602,1
331817.3280050086,-614,1
296301.7501898128,-563,1
305272.7314372247,-574,1
331319.2687614515,-613,1
319471.50864375493,-594,1
322712.56029462174,-598,1
320347.6625028041,-596,1
304824.05856797885,-573,1
317715.10958846903,-590,1
296301.7501898128,-563,1
300088.3130410654,-569,1
334223.3523491031,-615,1
297866.71667025157,-565,1
293650.0935756217,-561,1
337134.9492822236,-619,1
293810.89870732906,-562,1
291767.01650808327,-558,1
303561.2061420452,-571,1
319012.28369962476,-593,1
305754.2626465935,-575,1
328747.96398475504,-606,1
293650.0935756217,-561,1
315568.95733228716,-587,1
304260.28078237013,-581,2
288976.4623349043,-558,2
297508.5611834676,-572,2
301216.51471829455,-579,2
311058.91395586176,-585,2
291397.55770311685,-561,2
301216.51471829455,-579,2
305093.2632224457,-583,2
339259.71717063145,-633,2
291172.3669698172,-560,2
293768.26146175375,-567,2
297508.5611834676,-572,2
297508.5611834676,-572,2
336165.2601328334,-623,2
328168.08600569173,-614,2
330727.3054168114,-617,2
317052.54703731503,-596,2
303512.63191703055,-580,2
291397.55770311685,-561,2
331010.3170512804,-618,2
291397.55770311685,-561,2
316731.5512683552,-595,2
319112.6260647864,-599,2
291397.55770311685,-561,2
293768.26146175375,-567,2
329265.74793767306,-615,2
331889.7064862889,-619,2
335380.4878770856,-622,2
311356.2740509682,-586,2
337048.30893678876,-624,2
297508.5611834676,-572,2
296772.0341223019,-570,2
331889.7064862889,-619,2
295972.3653506355,-569,2
319383.88700469566,-600,2
322392.75719344884,-603,2
293768.26146175375,-567,2
291397.55770311685,-561,2
293768.26146175375,-567,2
299429.54107893026,-574,2
293768.26146175375,-567,2
318641.9577146623,-598,2
293269.6092328321,-564,2
299429.54107893026,-574,2
300629.42349334573,-577,2
328168.08600569173,-614,2
328168.08600569173,-614,2
291397.55770311685,-561,2
328168.08600569173,-614,2
315722.9948311444,-592,2
288976.4623349043,-558,2
315722.9948311444,-592,2
291397.55770311685,-561,2
297508.5611834676,-572,2
338263.55455272185,-631,2
299429.54107893026,-574,2
324575.6803211124,-604,2
333539.8712769636,-620,2
328059.553410857,-613,2
325420.4413308504,-606,2
297508.5611834676,-572,2
314336.12791728484,-591,2
297435.9039707944,-571,2
331889.7064862889,-619,2
320252.52400735306,-602,2
293768.26146175375,-567,2
317052.54703731503,-596,2
325412.0023365212,-605,2
327786.2986081365,-612,2
318641.9577146623,-598,2
304758.28283620824,-582,2
296772.0341223019,-570,2
315722.9948311444,-592,2
288976.4623349043,-558,2
319112.6260647864,-599,2
331010.3170512804,-618,2
291397.55770311685,-561,2
293768.26146175375,-567,2
327786.2986081365,-612,2
319988.3562878281,-601,2
293768.26146175375,-567,2
337951.3006731545,-626,2
315722.9948311444,-592,2
290931.6753872976,-559,2
295972.3653506355,-569,2
291397.55770311685,-561,2
291172.3669698172,-560,2
312254.14542078204,-587,2
311058.91395586176,-585,2
327786.2986081365,-612,2
295875.74495061114,-568,2
293768.26146175375,-567,2
300806.23385671317,-578,2
318550.15970733576,-597,2
327786.2986081365,-612,2
327496.66892606067,-611,2
292295.89159378444,-562,2
300324.57715526636,-575,2
338869.00296718127,-632,2
291172.3669698172,-560,2
327168.9252794979,-610,2
304758.28283620824,-582,2
316639.72497447993,-593,2
312505.2342012894,-588,2
310542.29882341594,-584,2
314125.61591635586,-590,2
298481.3042452413,-573,2
330727.3054168114,-617,2
319383.88700469566,-600,2
293768.26146175375,-567,2
293768.26146175375,-567,2
297508.5611834676,-572,2
293514.2162548701,-566,2
297508.5611834676,-572,2
302651.74135232694,-562,3
330183.3293927298,-603,3
323117.420988918,-591,3
323830.519715158,-592,3
336489.9634699794,-613,3
338703.13452495274,-618,3
302651.74135232694,-562,3
335271.76695979445,-610,3
311393.9348116475,-572,3
310397.08671500674,-571,3
344693.56877225393,-630,3
327568.0848130249,-597,3
316319.6691455735,-577,3
336489.9634699794,-613,3
322619.2512703781,-590,3
300017.9167592242,-556,3
321464.10646881885,-588,3
332926.6637437422,-605,3
342338.38295185054,-624,3
336320.27042775566,-611,3
302651.74135232694,-562,3
302651.74135232694,-562,3
318896.1445546126,-582,3
312260.2396928471,-573,3
301569.83133018116,-558,3
321464.10646881885,-588,3
335271.76695979445,-610,3
312506.6418593925,-575,3
317209.4881208567,-579,3
302651.74135232694,-562,3
322239.0611062034,-589,3
320941.92768614425,-586,3
299093.5430897806,-555,3
330068.05656120676,-600,3
344693.56877225393,-630,3
342338.38295185054,-624,3
307294.83078802505,-565,3
308349.22726483515,-566,3
336489.9634699794,-613,3
334546.8621307351,-609,3
317209.4881208567,-579,3
320107.15802905936,-583,3
302303.23124286684,-559,3
328796.0092684623,-599,3
301306.1257105593,-557,3
341418.94976569415,-622,3
321464.10646881885,-588,3
337010.22486500116,-614,3
340158.195141647,-620,3
298524.7220899352,-554,3
309457.89025074296,-569,3
338036.78696714784,-616,3
336489.9634699794,-613,3
342338.38295185054,-624,3
342338.38295185054,-624,3
307019.12029712164,-564,3
344620.1768342552,-629,3
320390.21537583973,-584,3
309367.03038530156,-568,3
325933.08695645916,-593,3
337906.6399383794,-615,3
345673.98502221773,-632,3
335271.76695979445,-610,3
339601.1667666609,-619,3
325933.08695645916,-593,3
330068.05656120676,-600,3
343438.8476664156,-626,3
317209.4881208567,-579,3
317209.4881208567,-579,3
312506.6418593925,-575,3
335271.76695979445,-610,3
317209.4881208567,-579,3
302651.74135232694,-562,3
342834.034615222,-625,3
345673.98502221773,-632,3
318122.45750960754,-580,3
327473.4686029208,-596,3
301569.83133018116,-558,3
306223.24123038526,-563,3
312684.60145769734,-576,3
333826.4260814219,-606,3
318571.51841115305,-581,3
299093.5430897806,-555,3
346356.1589730145,-633,3
345673.98502221773,-632,3
309457.89025074296,-569,3
326950.78505748685,-595,3
309367.03038530156,-568,3
338036.78696714784,-616,3
309931.5553934228,-570,3
343438.8476664156,-626,3
321464.10646881885,-588,3
300017.9167592242,-556,3
336489.9634699794,-613,3
317209.4881208567,-579,3
333826.4260814219,-606,3
316649.3278724033,-578,3
312260.2396928471,-573,3
328495.8273880974,-598,3
321336.76902575814,-587,3
309931.5553934228,-570,3
323830.519715158,-592,3
300017.9167592242,-556,3
317209.4881208567,-579,3
299093.5430897806,-555,3
331112.5410165838,-604,3
330068.05656120676,-600,3
298632.29633199965,-569,4
296995.1876638688,-566,4
330120.9860940522,-610,4
291322.4019170601,-560,4
291322.4019170601,-560,4
309164.37273468595,-577,4
330120.9860940522,-610,4
326392.3541253724,-603,4
296995.1876638688,-566,4
339181.8380780823,-630,4
309164.37273468595,-577,4
309164.37273468595,-577,4
339181.8380780823,-630,4
324617.8769975927,-599,4
330120.9860940522,-610,4
291322.4019170601,-560,4
306198.3720011279,-573,4
336317.52887994103,-621,4
336317.52887994103,-621,4
291322.4019170601,-560,4
315035.16656530165,-586,4
314461.66413209244,-585,4
330077.5391545494,-609,4
297982.53306104976,-567,4
329385.00589597656,-608,4
339091.5740084834,-629,4
326392.3541253724,-603,4
306198.3720011279,-573,4
322277.29274172924,-596,4
309164.37273468595,-577,4
331241.8123767638,-612,4
309164.37273468595,-577,4
331061.83936970873,-611,4
327699.18005010515,-605,4
325574.9245301501,-600,4
325574.9245301501,-600,4
322277.29274172924,-596,4
329217.4564227628,-607,4
305020.18405212526,-571,4
329200.97449279856,-606,4
291322.4019170601,-560,4
336317.52887994103,-621,4
316010.6658766118,-587,4
339181.8380780823,-630,4
330120.9860940522,-610,4
329200.97449279856,-606,4
289950.35245618643,-558,4
297982.53306104976,-567,4
291322.4019170601,-560,4
309164.37273468595,-577,4
306258.81982532644,-574,4
334186.5720176067,-618,4
309164.37273468595,-577,4
319649.0858802835,-588,4
291322.4019170601,-560,4
336317.52887994103,-621,4
326385.81531219033,-602,4
327699.18005010515,-605,4
295311.4794062992,-564,4
319693.21021569683,-589,4
329217.4564227628,-607,4
291322.4019170601,-560,4
293671.5203491405,-563,4
306258.81982532644,-574,4
309164.37273468595,-577,4
292146.1412642025,-561,4
326392.3541253724,-603,4
322277.29274172924,-596,4
298331.1960361484,-568,4
290350.7521057397,-559,4
322896.17954137246,-597,4
336317.52887994103,-621,4
330120.9860940522,-610,4
326392.3541253724,-603,4
337355.6615000749,-623,4
336317.52887994103,-621,4
296654.3571816688,-565,4
334616.7624116163,-619,4
327699.18005010515,-605,4
337375.79532958794,-627,4
334186.5720176067,-618,4
309164.37273468595,-577,4
322173.4624228347,-595,4
324489.76686129865,-598,4
305020.18405212526,-571,4
340429.3299038273,-631,4
311908.43094767013,-582,4
331772.3586899013,-613,4
309164.37273468595,-577,4
304178.9053645597,-570,4
324489.76686129865,-598,4
331772.3586899013,-613,4
333991.42591058946,-617,4
333037.8612903068,-615,4
311908.43094767013,-582,4
297982.53306104976,-567,4
320998.92445496906,-590,4
311908.43094767013,-582,4
306198.3720011279,-573,4
305020.18405212526,-571,4
312629.24937906215,-583,4
297982.53306104976,-567,4
307861.9881315345,-575,4
327699.18005010515,-605,4
312720.39797333203,-584,4
333717.6543816092,-616,4
309164.37273468595,-577,4
308281.40236176003,-576,4
330120.9860940522,-610,4
310006.9157406859,-578,4
326385.81531219033,-602,4
335649.88998798776,-620,4
322896.17954137246,-597,4
326385.81531219033,-602,4
326025.9264308172,-601,4
338394.44848716486,-628,4
327583.5996436523,-604,4
340429.3299038273,-631,4
327699.18005010515,-605,4
292850.56099682616,-562,4
311655.2059159842,-581,4
310886.76885799755,-579,4
321611.96622781665,-594,4
305376.49100523035,-572,4
334162.0956082393,-599,5
347942.75705036806,-633,5
331067.33672382357,-592,5
313823.0217419962,-576,5
347942.75705036806,-633,5
309499.76323823445,-567,5
312705.5443020405,-573,5
315161.8159986003,-578,5
328770.657033382,-587,5
306786.2508743768,-564,5
341401.3032843779,-611,5
309389.299192289,-565,5
343208.5518950837,-616,5
341401.3032843779,-611,5
332219.0738063144,-595,5
316454.54644558096,-579,5
304765.34755431215,-562,5
332490.9494688181,-596,5
311898.90964216116,-571,5
341401.3032843779,-611,5
342888.0594963305,-613,5
313823.0217419962,-576,5
332490.9494688181,-596,5
346622.85110709176,-621,5
309389.299192289,-565,5
304765.34755431215,-562,5
347942.75705036806,-633,5
313823.0217419962,-576,5
311898.90964216116,-571,5
331748.60283896653,-593,5
313300.60464427876,-575,5
338883.2095439566,-608,5
346622.85110709176,-621,5
306314.72814096016,-563,5
348738.35634054383,-634,5
341401.3032843779,-611,5
311898.90964216116,-571,5
318229.81974353566,-582,5
304250.05608455284,-561,5
337614.89622330945,-606,5
327534.520078558,-585,5
331067.33672382357,-592,5
331067.33672382357,-592,5
314526.1433407246,-577,5
310675.13313901564,-569,5
334024.30217110657,-598,5
331067.33672382357,-592,5
334958.29906884016,-600,5
335876.9380280682,-603,5
334162.0956082393,-599,5
333655.2116609282,-597,5
348738.35634054383,-634,5
347942.75705036806,-633,5
346622.85110709176,-621,5
327070.1152332571,-584,5
335876.9380280682,-603,5
332490.9494688181,-596,5
301547.2759274172,-558,5
335957.17478446645,-604,5
344073.61436628137,-617,5
313300.60464427876,-575,5
346622.85110709176,-621,5
335568.8980215484,-602,5
346906.7788289559,-629,5
334162.0956082393,-599,5
332490.9494688181,-596,5
347942.75705036806,-633,5
347378.6588031693,-630,5
327070.1152332571,-584,5
331748.60283896653,-593,5
347942.75705036806,-633,5
327534.520078558,-585,5
340709.3912400823,-610,5
336805.38137304736,-605,5
333655.2116609282,-597,5
317367.83014841727,-580,5
336805.38137304736,-605,5
332219.0738063144,-595,5
303010.2671065242,-559,5
318229.81974353566,-582,5
330616.24978727323,-591,5
336805.38137304736,-605,5
339660.2795267369,-609,5
304765.34755431215,-562,5
313300.60464427876,-575,5
338883.2095439566,-608,5
346622.85110709176,-621,5
341902.8426344389,-612,5
344073.61436628137,-617,5
313300.60464427876,-575,5
309499.76323823445,-567,5
332219.0738063144,-595,5
347927.9184068698,-632,5
313823.0217419962,-576,5
336805.38137304736,-605,5
327872.37635206693,-586,5
334162.0956082393,-599,5
309499.76323823445,-567,5
343208.5518950837,-616,5
346622.85110709176,-621,5
346899.1200265431,-622,5
303010.2671065242,-559,5
346298.30652018415,-620,5
309389.299192289,-565,5
346622.85110709176,-621,5
325999.530129054,-583,5
304250.05608455284,-561,5
303836.76168613613,-560,5
310412.68571894005,-568,5
335568.8980215484,-602,5
347942.75705036806,-633,5
317421.9401888483,-581,5
344943.2943087207,-619,5
335957.17478446645,-604,5
309389.299192289,-565,5
312152.1916162243,-572,5
347942.75705036806,-633,5
304765.34755431215,-562,5
327534.520078558,-585,5
338883.2095439566,-608,5
346622.85110709176,-621,5
338271.2011179704,-607,5
344410.83281990164,-618,5
329588.75922763883,-590,5
319017.48147457547,-576,6
318922.2519570732,-575,6
306470.1268876177,-564,6
316841.8994463763,-573,6
316841.8994463763,-573,6
326477.53758084896,-586,6
326477.53758084896,-586,6
313402.1314206344,-570,6
306470.1268876177,-564,6
325755.4395993874,-584,6
307529.9047663573,-566,6
335506.5198519761,-605,6
316841.8994463763,-573,6
337086.72659161326,-607,6
326477.53758084896,-586,6
325985.1557662032,-585,6
315819.79187498026,-572,6
321329.7727601673,-580,6
342211.4750409344,-620,6
344586.50197734975,-624,6
307529.9047663573,-566,6
334644.1448529984,-604,6
337781.027388674,-609,6
331096.594879076,-593,6
313402.1314206344,-570,6
328423.84272621776,-589,6
328027.8237037072,-588,6
342211.4750409344,-620,6
326477.53758084896,-586,6
306470.1268876177,-564,6
318184.49540036125,-574,6
334181.0974799031,-603,6
301795.6044869471,-560,6
306470.1268876177,-564,6
346734.848135136,-634,6
319680.4646430751,-577,6
315819.79187498026,-572,6
342674.66261153325,-621,6
306470.1268876177,-564,6
330376.42226821056,-592,6
324903.3303539684,-583,6
345317.42118946026,-631,6
328027.8237037072,-588,6
344586.50197734975,-624,6
302736.1792633863,-561,6
342211.4750409344,-620,6
331745.5386772439,-594,6
331745.5386772439,-594,6
326477.53758084896,-586,6
334644.1448529984,-604,6
321329.7727601673,-580,6
343394.73510784714,-622,6
341426.4053332124,-615,6
346179.7247624256,-633,6
326477.53758084896,-586,6
318922.2519570732,-575,6
321329.7727601673,-580,6
306470.1268876177,-564,6
328423.84272621776,-589,6
318922.2519570732,-575,6
320635.24372741947,-578,6
316841.8994463763,-573,6
315026.7546005163,-571,6
346179.7247624256,-633,6
306470.1268876177,-564,6
312403.83596747747,-568,6
333871.7240112224,-598,6
327764.52302166296,-587,6
323381.83188087604,-581,6
328423.84272621776,-589,6
336863.34614312404,-606,6
341627.92527417286,-616,6
306470.1268876177,-564,6
340480.57198479737,-613,6
344586.50197734975,-624,6
316841.8994463763,-573,6
303044.9838659594,-562,6
306470.1268876177,-564,6
305991.6029204259,-563,6
338674.6016500851,-610,6
345990.8772513812,-632,6
313402.1314206344,-570,6
306470.1268876177,-564,6
326477.53758084896,-586,6
319680.4646430751,-577,6
319017.48147457547,-576,6
313309.3523382526,-569,6
308422.3950135831,-567,6
306965.00708687195,-565,6
330284.54067406605,-591,6
332760.5998605937,-596,6
329370.01353116287,-590,6
342211.4750409344,-620,6
319017.48147457547,-576,6
326477.53758084896,-586,6
342005.9685041816,-619,6
307529.9047663573,-566,6
321196.86623641703,-579,6
307529.9047663573,-566,6
339459.61218199687,-612,6
344586.50197734975,-624,6
326477.53758084896,-586,6
333723.8047011486,-597,6
340696.6987410773,-614,6
310321.8107204305,-581,7
307844.4897633554,-578,7
310321.8107204305,-581,7
325157.1134787818,-608,7
335681.7115370049,-629,7
332886.6451371444,-622,7
305197.26757478155,-575,7
336594.8438964212,-633,7
298018.21437292185,-564,7
333968.44201424846,-624,7
329393.0143864943,-614,7
329393.0143864943,-614,7
332886.6451371444,-622,7
332257.4092969986,-620,7
303936.5402475707,-574,7
310321.8107204305,-581,7
336594.8438964212,-633,7
336594.8438964212,-633,7
332474.30300470407,-621,7
322809.55890006275,-599,7
333276.75187744014,-623,7
300565.0018459696,-567,7
300565.0018459696,-567,7
300565.0018459696,-567,7
322412.86244030227,-598,7
294397.2926483527,-556,7
303936.5402475707,-574,7
331934.77962301613,-618,7
303936.5402475707,-574,7
332886.6451371444,-622,7
335415.04071664833,-628,7
324071.394960288,-606,7
335415.04071664833,-628,7
336594.8438964212,-633,7
324784.8953524274,-607,7
303936.5402475707,-574,7
327935.9670056529,-611,7
307844.4897633554,-578,7
330153.1042349096,-615,7
329393.0143864943,-614,7
310321.8107204305,-581,7
327935.9670056529,-611,7
303936.5402475707,-574,7
329393.0143864943,-614,7
329393.0143864943,-614,7
318263.0315285153,-587,7
300487.3712241454,-566,7
300565.0018459696,-567,7
303936.5402475707,-574,7
310321.8107204305,-581,7
310321.8107204305,-581,7
335681.7115370049,-629,7
300565.0018459696,-567,7
329393.0143864943,-614,7
337190.2200847613,-634,7
312925.99697697355,-585,7
336140.2192653248,-632,7
312066.27926192456,-583,7
300565.0018459696,-567,7
324071.394960288,-606,7
302533.81411718053,-570,7
303719.682239104,-572,7
300565.0018459696,-567,7
321394.71347748267,-594,7
320183.0349794071,-592,7
331000.486569568,-617,7
327831.2482150172,-610,7
307844.4897633554,-578,7
334284.1366953675,-625,7
319960.1450888681,-589,7
335936.60061453225,-630,7
322239.54073680594,-595,7
330153.1042349096,-615,7
296346.7014276986,-558,7
331934.77962301613,-618,7
325157.1134787818,-608,7
303789.316478388,-573,7
303936.5402475707,-574,7
310296.3321312884,-580,7
303719.682239104,-572,7
331975.5626649087,-619,7
297277.16938556475,-562,7
335681.7115370049,-629,7
296346.7014276986,-558,7
305197.26757478155,-575,7
310321.8107204305,-581,7
324784.8953524274,-607,7
297178.22427385254,-561,7
331000.486569568,-617,7
303539.14157695055,-571,7
332886.6451371444,-622,7
329393.0143864943,-614,7
301129.4449484018,-568,7
327935.9670056529,-611,7
336140.2192653248,-632,7
302042.05220661504,-569,7
310321.8107204305,-581,7
306891.8476777899,-576,7
320464.9341235465,-593,7
310321.8107204305,-581,7
336594.8438964212,-633,7
312028.4375583823,-582,7
310321.8107204305,-581,7
310321.8107204305,-581,7
331000.486569568,-617,7
320183.0349794071,-592,7
307844.4897633554,-578,7
300565.0018459696,-567,7
312028.4375583823,-582,7
300565.0018459696,-567,7
328152.8423492866,-612,7
312118.65649125614,-584,7
293736.41204294265,-555,7
296745.5089377922,-559,7
303719.682239104,-572,7
309671.43487113435,-579,7
303719.682239104,-572,7
330975.97593487636,-616,7
317643.8057734751,-586,7
328835.8789792107,-613,7
310321.8107204305,-581,7
307783.5306315205,-577,7
307844.4897633554,-578,7
336594.8438964212,-633,7
296022.3847158445,-557,7
303936.5402475707,-574,7
324071.394960288,-606,7
323832.78815239033,-600,7
293736.41204294265,-555,7
319960.1450888681,-589,7
300565.0018459696,-567,7
334931.0835078147,-626,7
310321.8107204305,-581,7
303936.5402475707,-574,7
293651.0137055394,-554,7
302042.05220661504,-569,7
303936.5402475707,-574,7
336140.2192653248,-632,7
327019.1903850554,-609,7
329393.0143864943,-614,7
319095.1696472367,-588,7
305197.26757478155,-575,7
331000.486569568,-617,7
307783.5306315205,-577,7
310321.8107204305,-581,7
307844.4897633554,-578,7
318271.94401776366,-582,8
318271.94401776366,-582,8
320991.5667093324,-586,8
294456.585061134,-559,8
318271.94401776366,-582,8
332480.68211908883,-605,8
332480.68211908883,-605,8
346577.18938362796,-633,8
322481.1509120123,-588,8
338926.79552004393,-615,8
332480.68211908883,-605,8
320991.5667093324,-586,8
293639.95899907587,-557,8
330246.1374837613,-600,8
319014.63352477393,-583,8
331975.3519761171,-603,8
313540.3446738022,-573,8
344964.1703188105,-627,8
338926.79552004393,-615,8
302307.832452712,-566,8
332480.68211908883,-605,8
322481.1509120123,-588,8
328080.5337554547,-596,8
320744.04525305214,-584,8
313540.3446738022,-573,8
324601.44569515146,-591,8
318271.94401776366,-582,8
318271.94401776366,-582,8
316126.398465693,-576,8
314262.8414366593,-574,8
325258.1507842278,-592,8
331975.3519761171,-603,8
295990.1582400517,-560,8
315916.38935540314,-575,8
338926.79552004393,-615,8
297488.6910630745,-562,8
342439.16646636924,-620,8
318271.94401776366,-582,8
332480.68211908883,-605,8
346577.18938362796,-633,8
332480.68211908883,-605,8
317969.84671475366,-581,8
336547.93480541033,-613,8
318271.94401776366,-582,8
332480.68211908883,-605,8
329723.1666259548,-599,8
316126.398465693,-576,8
320893.6937085435,-585,8
331637.84278520604,-602,8
343949.9429283392,-625,8
320991.5667093324,-586,8
294456.585061134,-559,8
332480.68211908883,-605,8
345023.8703854815,-629,8
318271.94401776366,-582,8
332999.63878325996,-606,8
303646.9494910615,-568,8
345023.8703854815,-629,8
325638.7239732611,-593,8
347551.3669991357,-634,8
347551.3669991357,-634,8
327036.37649619125,-594,8
320991.5667093324,-586,8
297971.7636654038,-563,8
331350.8095512657,-601,8
334149.6099628129,-607,8
346577.18938362796,-633,8
346353.4561738606,-632,8
318271.94401776366,-582,8
335033.66757642484,-610,8
340388.98309948685,-616,8
311752.89388677414,-570,8
345463.4356994892,-631,8
345353.8848706227,-630,8
318271.94401776366,-582,8
316126.398465693,-576,8
322481.1509120123,-588,8
315916.38935540314,-575,8
338274.0600784734,-614,8
317621.05921208294,-580,8
304501.70208797895,-569,8
316126.398465693,-576,8
335671.24794285686,-611,8
318271.94401776366,-582,8
297194.5801800391,-561,8
317621.05921208294,-580,8
317192.82743286074,-578,8
322311.4707783624,-587,8
345463.4356994892,-631,8
323230.9790363984,-589,8
312429.6940117957,-571,8
331350.8095512657,-601,8
345023.8703854815,-629,8
315916.38935540314,-575,8
334149.6099628129,-607,8
299633.8156706161,-565,8
323957.0115331845,-590,8
313540.3446738022,-573,8
335033.66757642484,-610,8
329152.3214649376,-597,8
324601.44569515146,-591,8
329323.17651259725,-598,8
343773.43195836677,-622,8
343773.43195836677,-622,8
318271.94401776366,-582,8
314262.8414366593,-574,8
335033.66757642484,-610,8
297488.6910630745,-562,8
346577.18938362796,-633,8
344832.7249775692,-626,8
295990.1582400517,-560,8
335033.66757642484,-610,8
313540.3446738022,-573,8
318271.94401776366,-582,8
311752.89388677414,-570,8
331637.84278520604,-602,8
332999.63878325996,-606,8
318271.94401776366,-582,8
336027.5249438768,-612,8
298949.72834206076,-564,8
334652.1576205252,-609,8
343644.6913001764,-621,8
329152.3214649376,-597,8
316978.18193746416,-577,8
317969.84671475366,-581,8
341712.8897753091,-617,8
347551.3669991357,-634,8
303361.1240521814,-567,8
334171.3929815448,-608,8
345991.42617009534,-627,9
346973.13578243594,-629,9
315979.97698759777,-578,9
319548.87466712925,-582,9
319548.87466712925,-582,9
319548.87466712925,-582,9
345334.58421641117,-626,9
326759.4888210726,-593,9
319500.73754690745,-581,9
345334.58421641117,-626,9
347229.98049417423,-630,9
319548.87466712925,-582,9
309914.9141449979,-572,9
319548.87466712925,-582,9
333935.20121271623,-604,9
347229.98049417423,-630,9
299329.21298008,-560,9
323399.2904182863,-588,9
324138.91727703006,-589,9
319548.87466712925,-582,9
347817.2501081773,-631,9
301243.43799168017,-562,9
315376.4669111589,-577,9
301243.43799168017,-562,9
306950.6293038987,-566,9
311370.1173846637,-574,9
306193.62096827873,-565,9
342682.3128618792,-623,9
321169.2192804733,-584,9
342652.7868353753,-622,9
308964.6913089527,-570,9
345991.42617009534,-627,9
347229.98049417423,-630,9
329287.40035932924,-595,9
329287.40035932924,-595,9
308437.44791605894,-569,9
317146.7526623911,-579,9
308437.44791605894,-569,9
322771.14012171136,-587,9
301243.43799168017,-562,9
305717.164824618,-564,9
343338.99220677104,-624,9
311370.1173846637,-574,9
309655.7470964877,-571,9
342050.91691308084,-616,9
318051.7568034623,-580,9
301631.2100232887,-563,9
326759.4888210726,-593,9
306193.62096827873,-565,9
301243.43799168017,-562,9
345334.58421641117,-626,9
343338.99220677104,-624,9
346973.13578243594,-629,9
333454.1447088128,-603,9
346973.13578243594,-629,9
329287.40035932924,-595,9
336860.43585053395,-608,9
345334.58421641117,-626,9
308964.6913089527,-570,9
334587.3173493243,-605,9
345334.58421641117,-626,9
341519.11173288885,-614,9
318051.7568034623,-580,9
306193.62096827873,-565,9
309655.7470964877,-571,9
325690.3694292364,-590,9
335552.63726119243,-606,9
347229.98049417423,-630,9
338956.0912562088,-610,9
337899.4634788131,-609,9
319548.87466712925,-582,9
320549.54742195836,-583,9
348540.69895146566,-632,9
322696.7890970523,-586,9
329988.20941707195,-596,9
345991.42617009534,-627,9
330170.3959022141,-597,9
343338.99220677104,-624,9
331873.0936686323,-600,9
311370.1173846637,-574,9
332185.39459626377,-601,9
346973.13578243594,-629,9
308964.6913089527,-570,9
342652.7868353753,-622,9
344368.66962341865,-625,9
336406.9381653163,-607,9
342652.7868353753,-622,9
340318.0288970102,-613,9
326759.4888210726,-593,9
322696.7890970523,-586,9
307490.0073887559,-567,9
331577.7407599238,-599,9
311370.1173846637,-574,9
311186.0051879691,-573,9
314663.52900795103,-576,9
348540.69895146566,-632,9
326759.4888210726,-593,9
336406.9381653163,-607,9
301243.43799168017,-562,9
342652.7868353753,-622,9
339187.8904976598,-611,9
306193.62096827873,-565,9
301243.43799168017,-562,9
339860.6946959164,-612,9
345334.58421641117,-626,9
348540.69895146566,-632,9
326759.4888210726,-593,9
346973.13578243594,-629,9
321787.3592347021,-585,9
299329.21298008,-560,9
346803.211418068,-628,9
330170.3959022141,-597,9
328954.7299294033,-594,9
300933.2468002846,-561,9
347229.98049417423,-630,9
336860.43585053395,-608,9
325690.3694292364,-590,9
346973.13578243594,-629,9
325219.6853932872,-590,10
341928.9151737693,-617,10
340808.4548119335,-613,10
325219.6853932872,-590,10
323005.73057626834,-587,10
303783.9555436006,-562,10
321565.39344378153,-585,10
325219.6853932872,-590,10
321185.79131563584,-584,10
328810.50093570666,-597,10
319544.94985486905,-582,10
327005.1910656382,-593,10
341928.9151737693,-617,10
319544.94985486905,-582,10
319544.94985486905,-582,10
341928.9151737693,-617,10
327837.5279348946,-595,10
328810.50093570666,-597,10
315367.6133925702,-578,10
319544.94985486905,-582,10
322973.27325052547,-586,10
319544.94985486905,-582,10
343857.4335488406,-620,10
341928.9151737693,-617,10
341928.9151737693,-617,10
335465.7943065276,-607,10
341871.92744227854,-616,10
341928.9151737693,-617,10
329811.6040815176,-599,10
341928.9151737693,-617,10
341928.9151737693,-617,10
327005.1910656382,-593,10
341928.9151737693,-617,10
336811.53744653665,-610,10
331709.9870371753,-604,10
319544.94985486905,-582,10
300826.8786303074,-556,10
319544.94985486905,-582,10
314349.00169405126,-574,10
327005.1910656382,-593,10
341928.9151737693,-617,10
341928.9151737693,-617,10
341928.9151737693,-617,10
345599.07856931275,-622,10
314349.00169405126,-574,10
336438.8694224109,-609,10
316615.7479767434,-579,10
327005.1910656382,-593,10
315310.1100968647,-577,10
327005.1910656382,-593,10
336811.53744653665,-610,10
329714.1329850328,-598,10
303555.3081651074,-561,10
327005.1910656382,-593,10
336811.53744653665,-610,10
333055.76984373084,-605,10
327005.1910656382,-593,10
319544.94985486905,-582,10
319544.94985486905,-582,10
331084.82272467663,-602,10
319544.94985486905,-582,10
336438.8694224109,-609,10
324448.6345179108,-588,10
341928.9151737693,-617,10
336438.8694224109,-609,10
341928.9151737693,-617,10
330381.8050143913,-600,10
323005.73057626834,-587,10
314247.6988806785,-573,10
315367.6133925702,-578,10
327005.1910656382,-593,10
327803.501148987,-594,10
346307.30287704815,-623,10
335829.461836329,-608,10
319544.94985486905,-582,10
323005.73057626834,-587,10
328810.50093570666,-597,10
319544.94985486905,-582,10
327837.5279348946,-595,10
325219.6853932872,-590,10
326010.1823355607,-591,10
310637.3088461507,-569,10
320379.97741835035,-583,10
325219.6853932872,-590,10
330442.07704260165,-601,10
331709.9870371753,-604,10
318526.64237172314,-580,10
314647.4355408449,-575,10
302213.85566712916,-560,10
310301.2990898406,-568,10
300497.7683292312,-555,10
319544.94985486905,-582,10
331084.82272467663,-602,10
319544.94985486905,-582,10
336438.8694224109,-609,10
345111.5607111115,-621,10
323005.73057626834,-587,10
315310.1100968647,-577,10
319413.12911069783,-581,10
301682.0096894419,-557,10
324448.6345179108,-588,10
314349.00169405126,-574,10
324704.4701943327,-589,10
333055.76984373084,-605,10
314247.6988806785,-573,10
326010.1823355607,-591,10
345599.07856931275,-622,10
339809.87925972126,-611,10
343851.474512319,-619,10
308019.03256320296,-567,10
307867.3068249291,-566,10
343065.7745731565,-618,10
321185.79131563584,-584,10
311604.5738861862,-570,10
327005.1910656382,-593,10
341928.9151737693,-617,10
336811.53744653665,-610,10
341637.92712381616,-614,10
319544.94985486905,-582,10
305109.8380983428,-563,10
313900.438036602,-572,10
319544.94985486905,-582,10
311604.5738861862,-570,10
346670.8729870556,-624,10
341928.9151737693,-617,10
325219.6853932872,-590,10
328347.3887303803,-596,10
319544.94985486905,-582,10
300826.8786303074,-556,10
319544.94985486905,-582,10
321565.39344378153,-585,10
319544.94985486905,-582,10
319544.94985486905,-582,10
331084.82272467663,-602,10
327803.501148987,-594,10
305109.8380983428,-563,10
327005.1910656382,-593,10
326459.0327711767,-592,10
323005.73057626834,-587,10
341928.9151737693,-617,10
340196.1235265181,-612,10
341928.9151737693,-617,10
319544.94985486905,-582,10
306043.51220041176,-564,10
329811.6040815176,-599,10
341928.9151737693,-617,10
341928.9151737693,-617,10
315367.6133925702,-578,10
319544.94985486905,-582,10
319544.94985486905,-582,10
327116.648225375,-604,11
308622.8366548257,-573,11
318058.5545583165,-589,11
339841.7397230596,-633,11
290994.5355753355,-550,11
335809.3301061734,-622,11
308622.8366548257,-573,11
308622.8366548257,-573,11
311262.0942068796,-580,11
312607.46868534177,-584,11
328242.4855736747,-606,11
338987.1067052095,-631,11
309469.78843580245,-574,11
311262.0942068796,-580,11
308622.8366548257,-573,11
290994.5355753355,-550,11
297292.5685215211,-556,11
290994.5355753355,-550,11
338773.3369253782,-629,11
308622.8366548257,-573,11
338987.1067052095,-631,11
293758.25316842995,-552,11
308622.8366548257,-573,11
297292.5685215211,-556,11
290994.5355753355,-550,11
312867.5403905958,-585,11
293758.25316842995,-552,11
308622.8366548257,-573,11
290994.5355753355,-550,11
308622.8366548257,-573,11
308622.8366548257,-573,11
293758.25316842995,-552,11
308622.8366548257,-573,11
335809.3301061734,-622,11
290994.5355753355,-550,11
311262.0942068796,-580,11
335809.3301061734,-622,11
307045.75118446926,-571,11
316565.2720764788,-587,11
339819.77554456337,-632,11
297292.5685215211,-556,11
339841.7397230596,-633,11
318991.6060513082,-590,11
318058.5545583165,-589,11
336792.0473381679,-624,11
319645.0586337647,-591,11
325990.3679672226,-598,11
331107.2698468176,-611,11
329388.6389043305,-610,11
332361.55765637784,-613,11
311262.0942068796,-580,11
337957.85012679343,-627,11
306275.8542953902,-569,11
312867.5403905958,-585,11
331990.3080072499,-612,11
323602.79518608673,-595,11
297154.2196401231,-555,11
300117.4461384551,-560,11
329125.8550798858,-609,11
298190.97977770923,-558,11
312607.46868534177,-584,11
297838.82576715085,-557,11
310107.54109573475,-575,11
339841.7397230596,-633,11
308622.8366548257,-573,11
298889.6229474373,-559,11
308622.8366548257,-573,11
327546.6708982735,-605,11
308622.8366548257,-573,11
323602.79518608673,-595,11
339841.7397230596,-633,11
290994.5355753355,-550,11
290994.5355753355,-550,11
323602.79518608673,-595,11
311262.0942068796,-580,11
305577.15564338275,-568,11
333801.61326327047,-616,11
316233.6417367298,-586,11
310107.54109573475,-575,11
323602.79518608673,-595,11
304678.6431307589,-565,11
328788.49870840873,-608,11
308622.8366548257,-573,11
310686.6678178182,-579,11
339841.7397230596,-633,11
300781.5602267846,-561,11
297292.5685215211,-556,11
290994.5355753355,-550,11
300781.5602267846,-561,11
332361.55765637784,-613,11
337957.85012679343,-627,11
328526.00068916875,-607,11
335588.5986563789,-619,11
308622.8366548257,-573,11
308622.8366548257,-573,11
311262.0942068796,-580,11
293304.9967612758,-551,11
308413.38608581416,-572,11
332994.65951131337,-614,11
308622.8366548257,-573,11
297292.5685215211,-556,11
327116.648225375,-604,11
311262.0942068796,-580,11
334574.7830270012,-617,11
339841.7397230596,-633,11
290994.5355753355,-550,11
296551.440326336,-554,11
337543.59745479125,-625,11
323602.79518608673,-595,11
335809.3301061734,-622,11
308622.8366548257,-573,11
310107.54109573475,-575,11
290994.5355753355,-550,11
310107.54109573475,-575,11
325033.8891329447,-597,11
308622.8366548257,-573,11
304633.46634335787,-564,11
309469.78843580245,-574,11
298889.6229474373,-559,11
336777.17465493473,-623,11
337957.85012679343,-627,11
309469.78843580245,-574,11
322884.4963838024,-593,11
302374.80853113334,-562,11
333416.1967043399,-615,11
290994.5355753355,-550,11
297292.5685215211,-556,11
322940.0739113846,-594,11
326690.78990466014,-599,11
308622.8366548257,-573,11
290375.1132584735,-548,11
294289.67484256043,-553,11
309469.78843580245,-574,11
311699.4907966438,-581,11
325015.99373738666,-596,11
290994.5355753355,-550,11
312256.4975264017,-582,11
305577.15564338275,-568,11
307695.074950803,-562,12
345177.60466338677,-621,12
335454.5847019158,-603,12
309246.31097271683,-565,12
303066.36245075165,-557,12
338899.4012117034,-608,12
334770.76093669434,-601,12
345177.60466338677,-621,12
335454.5847019158,-603,12
341474.9884766861,-613,12
341474.9884766861,-613,12
311749.44115536433,-569,12
326772.7140848641,-590,12
338899.4012117034,-608,12
337443.611731754,-606,12
333559.64981036505,-598,12
349933.8116257856,-630,12
341065.7916312827,-611,12
343280.7171613963,-615,12
311201.1688032946,-568,12
338835.90605472936,-607,12
340234.0693799297,-610,12
298605.70301115833,-554,12
341065.7916312827,-611,12
346853.9043278739,-624,12
303648.9837706131,-559,12
323530.6314007126,-584,12
336234.7002407637,-604,12
313723.86197252903,-572,12
310336.3749300771,-567,12
323530.6314007126,-584,12
338899.4012117034,-608,12
322765.79365140246,-583,12
325703.12683597876,-586,12
337443.611731754,-606,12
335454.5847019158,-603,12
311749.44115536433,-569,12
298605.70301115833,-554,12
307695.074950803,-562,12
346035.1959003903,-622,12
343280.7171613963,-615,12
298414.7564173115,-553,12
344682.64153646294,-620,12
303454.64084154536,-558,12
311749.44115536433,-569,12
326772.7140848641,-590,12
313449.8580570916,-571,12
326772.7140848641,-590,12
304917.204640227,-561,12
326772.7140848641,-590,12
323530.6314007126,-584,12
341474.9884766861,-613,12
347671.8225242312,-625,12
314732.6579976895,-575,12
333559.64981036505,-598,12
346318.2996713997,-623,12
338899.4012117034,-608,12
340015.07218345924,-609,12
319278.44319838803,-581,12
326415.3848070926,-589,12
336916.38989308075,-605,12
326772.7140848641,-590,12
298605.70301115833,-554,12
335454.5847019158,-603,12
338899.4012117034,-608,12
341474.9884766861,-613,12
304917.204640227,-561,12
349933.8116257856,-630,12
309925.56311938824,-566,12
341474.9884766861,-613,12
312089.44409095705,-570,12
304329.3875175527,-560,12
341474.9884766861,-613,12
349888.78251579404,-629,12
346035.1959003903,-622,12
298375.8297930478,-552,12
298605.70301115833,-554,12
349888.78251579404,-629,12
345177.60466338677,-621,12
351929.9170181662,-634,12
315058.7622093676,-578,12
309246.31097271683,-565,12
314769.6255410368,-576,12
326772.7140848641,-590,12
350793.5534467324,-632,12
351055.26980147866,-633,12
299902.7889888947,-555,12
298605.70301115833,-554,12
348441.51006271096,-626,12
338899.4012117034,-608,12
318493.3347111205,-580,12
329771.3282346176,-595,12
328009.31586150685,-592,12
345177.60466338677,-621,12
324988.44772547693,-585,12
338835.90605472936,-607,12
345177.60466338677,-621,12
298605.70301115833,-554,12
303066.36245075165,-557,12
317993.61006755685,-579,12
327039.5919370624,-591,12
298605.70301115833,-554,12
348493.9052882075,-627,12
326772.7140848641,-590,12
341474.9884766861,-613,12
351055.26980147866,-633,12
329059.82187388366,-593,12
344089.0721448051,-619,12
346318.2996713997,-623,12
340015.07218345924,-609,12
308290.1157547616,-563,12
323530.6314007126,-584,12
311749.44115536433,-569,12
298605.70301115833,-554,12
351929.9170181662,-634,12
311749.44115536433,-569,12
329771.3282346176,-595,12
319829.53271991026,-582,12
346318.2996713997,-623,12
326772.7140848641,-590,12
342850.34507803724,-614,12
326096.68515883863,-587,12
335069.37586781214,-602,12
344083.2086026928,-616,12
329240.46712871996,-594,12
326415.3848070926,-589,12
298605.70301115833,-554,12
350196.9803047772,-631,12
314182.8062890736,-574,12
302272.62677939166,-556,12
308455.722723876,-564,12
299902.7889888947,-555,12
326772.7140848641,-590,12
326415.3848070926,-589,12
346318.2996713997,-623,12
344083.2086026928,-616,12
303825.3343609971,-578,13
329779.0127160819,-623,13
331048.2385196817,-625,13
326607.5944784101,-617,13
278153.0564027227,-548,13
278153.0564027227,-548,13
329779.0127160819,-623,13
312838.57166443206,-593,13
332290.1024593433,-627,13
311546.7831366199,-591,13
315304.7070426743,-598,13
319625.5718351385,-605,13
299220.007339491,-570,13
329779.0127160819,-623,13
298555.76381391316,-569,13
311546.7831366199,-591,13
303825.3343609971,-578,13
321462.4119491999,-608,13
298555.76381391316,-569,13
318353.10657003155,-602,13
318353.10657003155,-602,13
296046.6819478839,-564,13
312838.57166443206,-593,13
326607.5944784101,-617,13
319625.5718351385,-605,13
312838.57166443206,-593,13
309592.6172177546,-586,13
321138.592162982,-606,13
314024.7900326353,-594,13
303825.3343609971,-578,13
301925.2969981587,-574,13
331048.2385196817,-625,13
298555.76381391316,-569,13
296046.6819478839,-564,13
303587.15720372734,-577,13
281711.0325665825,-549,13
310298.1398973626,-587,13
314819.51623943076,-595,13
331048.2385196817,-625,13
278153.0564027227,-548,13
305493.05677647813,-580,13
298555.76381391316,-569,13
319266.89466398646,-604,13
308662.3312164194,-584,13
323426.32947656413,-612,13
312838.57166443206,-593,13
303825.3343609971,-578,13
305493.05677647813,-580,13
308161.643525213,-582,13
329841.83024005464,-624,13
328325.583074762,-620,13
329841.83024005464,-624,13
294191.92866755836,-562,13
326607.5944784101,-617,13
328325.583074762,-620,13
312838.57166443206,-593,13
328325.583074762,-620,13
326607.5944784101,-617,13
299220.007339491,-570,13
281776.1619155314,-550,13
295581.41760882945,-563,13
326607.5944784101,-617,13
321462.4119491999,-608,13
322997.7039956648,-609,13
325870.5402635414,-615,13
281776.1619155314,-550,13
317964.5556748481,-601,13
329779.0127160819,-623,13
329841.83024005464,-624,13
324585.7688042015,-613,13
281776.1619155314,-550,13
308161.643525213,-582,13
303552.62519046897,-576,13
290147.81529057055,-557,13
316458.6134790255,-599,13
290828.979837912,-559,13
277241.0190716481,-547,13
301925.2969981587,-574,13
327059.60330722405,-618,13
331713.0163549993,-626,13
326607.5944784101,-617,13
312708.8662888905,-592,13
325870.5402635414,-615,13
287317.50293882884,-553,13
297554.88431519264,-566,13
297322.2260458654,-565,13
290382.41724395263,-558,13
305493.05677647813,-580,13
301267.76043042593,-573,13
293690.02591105906,-560,13
310878.3488524915,-590,13
321462.4119491999,-608,13
303552.62519046897,-576,13
328689.3898284971,-621,13
303825.3343609971,-578,13
304452.65859937196,-579,13
318353.10657003155,-602,13
299966.93617819,-571,13
310298.1398973626,-587,13
299966.93617819,-571,13
298555.76381391316,-569,13
315058.45523878146,-596,13
329779.0127160819,-623,13
308662.3312164194,-584,13
303104.76395404665,-575,13
298555.76381391316,-569,13
305493.05677647813,-580,13
329841.83024005464,-624,13
317600.568698658,-600,13
325560.1234302404,-614,13
298423.59613510943,-567,13
319266.89466398646,-604,13
332705.56202462106,-628,13
303552.62519046897,-576,13
281776.1619155314,-550,13
305493.05677647813,-580,13
326607.5944784101,-617,13
329841.83024005464,-624,13
323388.41471132723,-611,13
281776.1619155314,-550,13
319625.5718351385,-605,13
329603.7690737103,-622,13
312838.57166443206,-593,13
298469.347474174,-568,13
329779.0127160819,-623,13
299220.007339491,-570,13
290828.979837912,-559,13
289391.9338385197,-555,13
322997.7039956648,-609,13
326591.90536484757,-616,13
282649.2395485306,-551,13
325560.1234302404,-614,13
307007.47382882773,-579,14
299868.74221309496,-572,14
321357.54412478965,-601,14
333385.3098081539,-621,14
321357.54412478965,-601,14
321357.54412478965,-601,14
309958.6285101228,-584,14
333385.3098081539,-621,14
305220.8183189675,-575,14
321357.54412478965,-601,14
299868.74221309496,-572,14
321357.54412478965,-601,14
298270.56614751846,-569,14
286334.2413640834,-555,14
333385.3098081539,-621,14
321357.54412478965,-601,14
318692.85418171965,-596,14
321357.54412478965,-601,14
284434.64663993876,-551,14
298270.56614751846,-569,14
320522.19779046986,-599,14
286029.65931123815,-554,14
282164.8491338913,-549,14
294221.01251372497,-561,14
297243.6129921278,-565,14
334286.4495581059,-622,14
309623.3017319416,-582,14
332021.815582982,-616,14
305271.7687647432,-576,14
283262.86365876853,-550,14
337093.0785162325,-631,14
306468.85689767136,-578,14
333129.4530104295,-618,14
312585.583255521,-588,14
287355.7681248558,-556,14
338155.5855130359,-633,14
319586.23530059314,-597,14
318692.85418171965,-596,14
298270.56614751846,-569,14
318692.85418171965,-596,14
311647.3893119897,-585,14
313341.0737808803,-589,14
300166.4651285485,-573,14
309019.80072159285,-580,14
312095.8555459626,-587,14
333385.3098081539,-621,14
311647.3893119897,-585,14
334286.4495581059,-622,14
318407.9312847946,-595,14
297243.6129921278,-565,14
288809.9289580845,-560,14
305220.8183189675,-575,14
324197.1001519803,-605,14
333385.3098081539,-621,14
298270.56614751846,-569,14
286029.65931123815,-554,14
323571.3264241588,-603,14
333385.3098081539,-621,14
335083.7016894475,-626,14
329823.9330467597,-611,14
288431.7481356819,-559,14
307007.47382882773,-579,14
288431.7481356819,-559,14
325881.4526196157,-607,14
320988.99601340835,-600,14
315968.4567712667,-591,14
318692.85418171965,-596,14
329040.6497976964,-610,14
337056.00651193544,-630,14
333129.4530104295,-618,14
305220.8183189675,-575,14
321357.54412478965,-601,14
313847.0603088647,-590,14
331391.51944999665,-615,14
332485.23029705265,-617,14
317151.59123832796,-592,14
296440.42050785315,-564,14
284751.8125567798,-552,14
295357.46725918096,-562,14
287732.73045347666,-557,14
321357.54412478965,-601,14
334286.4495581059,-622,14
307007.47382882773,-579,14
312095.8555459626,-587,14
304883.98515593837,-574,14
285688.07032339566,-553,14
333129.4530104295,-618,14
321357.54412478965,-601,14
337093.0785162325,-631,14
321357.54412478965,-601,14
295606.1567881567,-563,14
299666.8123654271,-571,14
325559.9370729412,-606,14
317987.6745980605,-593,14
334286.4495581059,-622,14
326883.6229731935,-608,14
333385.3098081539,-621,14
312095.8555459626,-587,14
322264.24371329887,-602,14
331226.01246749033,-613,14
309958.6285101228,-584,14
338263.7175530799,-634,14
331125.2648271401,-612,14
336172.7833771849,-628,14
336034.96475949674,-627,14
325459.76928432344,-595,15
331876.7340100353,-608,15
336215.63567961287,-615,15
329406.10874907824,-603,15
301871.096446377,-563,15
301871.096446377,-563,15
313650.39788876666,-576,15
312972.40825855755,-574,15
301733.62117046,-562,15
296594.1319561353,-559,15
329406.10874907824,-603,15
325459.76928432344,-595,15
313630.05898080475,-575,15
323347.0959283536,-592,15
342672.2143613105,-631,15
341131.94130441576,-628,15
296696.1743145606,-560,15
338588.47208908555,-621,15
342127.1724388953,-630,15
338883.829476335,-622,15
312972.40825855755,-574,15
318620.18694394303,-584,15
329406.10874907824,-603,15
323336.7025967448,-591,15
342127.1724388953,-630,15
336699.9537384002,-616,15
340071.17577309144,-625,15
310561.4654822033,-570,15
329406.10874907824,-603,15
310561.4654822033,-570,15
303443.1602642931,-564,15
301733.62117046,-562,15
295521.6300073083,-557,15
304004.4785665691,-565,15
314968.95509234734,-578,15
306786.0976500509,-568,15
323336.7025967448,-591,15
311186.9758118709,-571,15
323347.0959283536,-592,15
338329.16694963194,-620,15
338883.829476335,-622,15
317179.55755524914,-580,15
306786.0976500509,-568,15
318019.64753277256,-582,15
318868.44064108393,-585,15
339205.49640740576,-624,15
329296.1765261184,-602,15
310561.4654822033,-570,15
331876.7340100353,-608,15
312405.9628314525,-573,15
317793.1005210787,-581,15
306731.7438420394,-567,15
336699.9537384002,-616,15
339035.81766465254,-623,15
306786.0976500509,-568,15
295985.2343358663,-558,15
330106.7401025361,-604,15
314445.6720786974,-577,15
330205.04022906255,-605,15
332706.33198235417,-609,15
323336.7025967448,-591,15
330205.04022906255,-605,15
326293.151106389,-596,15
319639.65801825194,-586,15
326924.2713981808,-597,15
328940.84362091246,-601,15
301871.096446377,-563,15
323639.68392867065,-593,15
328940.84362091246,-601,15
304798.04493011173,-566,15
303443.1602642931,-564,15
341909.94290906546,-629,15
338149.829897004,-619,15
315623.7722760397,-579,15
332844.8383154572,-610,15
338588.47208908555,-621,15
300129.1342112082,-561,15
340403.8289948448,-626,15
342672.2143613105,-631,15
311653.6085245712,-572,15
323336.7025967448,-591,15
334485.34582755296,-611,15
331577.8848857716,-607,15
310561.4654822033,-570,15
335261.37639147916,-612,15
318868.44064108393,-585,15
328064.7953086857,-599,15
322462.98344857385,-589,15
321803.3065926058,-587,15
319639.65801825194,-586,15
329406.10874907824,-603,15
329406.10874907824,-603,15
309779.9682447778,-569,15
318868.44064108393,-585,15
325316.92387183505,-594,15
317179.55755524914,-580,15
334485.34582755296,-611,15
338329.16694963194,-620,15
319639.65801825194,-586,15
331400.1531695906,-606,15
319639.65801825194,-586,15
336699.9537384002,-616,15
301871.096446377,-563,15
329406.10874907824,-603,15
327892.38468332525,-598,15
337589.9532734976,-617,15
302460.28605955886,-572,16
338376.9874580049,-634,16
302460.28605955886,-572,16
291755.2224474684,-560,16
309374.38792330516,-584,16
321899.8370057908,-597,16
308095.4677173502,-582,16
323029.05868362315,-598,16
321899.8370057908,-597,16
306662.9281890449,-579,16
306071.8793921767,-578,16
331486.5758615707,-613,16
301955.53185113345,-571,16
284814.039297124,-551,16
308095.4677173502,-582,16
311079.61654345103,-586,16
308095.4677173502,-582,16
335729.8791133873,-629,16
326119.25848114677,-602,16
301141.46301552124,-569,16
308095.4677173502,-582,16
326119.25848114677,-602,16
337663.6068645537,-632,16
338376.9874580049,-634,16
306662.9281890449,-579,16
308915.10417939385,-583,16
307115.96256676153,-580,16
321761.0541234186,-596,16
320583.42743224953,-594,16
319461.66933321784,-591,16
333553.9229327059,-617,16
317271.06734826666,-589,16
310704.1633334546,-585,16
327416.9116689983,-604,16
310704.1633334546,-585,16
292726.0471303299,-561,16
304269.7990607228,-576,16
295676.7774135399,-562,16
331486.5758615707,-613,16
292726.0471303299,-561,16
327416.9116689983,-604,16
331486.5758615707,-613,16
286765.9836760398,-553,16
328408.11650222156,-605,16
284814.039297124,-551,16
330655.7142591441,-611,16
319876.8203571698,-593,16
338376.9874580049,-634,16
338376.9874580049,-634,16
292726.0471303299,-561,16
304269.7990607228,-576,16
328408.11650222156,-605,16
303565.11061710876,-573,16
308017.4312269194,-581,16
298676.60651474545,-564,16
290580.07377308677,-557,16
330655.7142591441,-611,16
298676.60651474545,-564,16
286765.9836760398,-553,16
328408.11650222156,-605,16
330260.62345711165,-609,16
328660.7635324964,-606,16
303565.11061710876,-573,16
291532.10920508375,-558,16
326002.7815387945,-601,16
325711.2637110805,-600,16
290340.53576743335,-556,16
303565.11061710876,-573,16
305278.8891444935,-577,16
319706.44859695947,-592,16
284089.69692395185,-550,16
296229.88630352105,-563,16
301073.1092206883,-568,16
325101.89808265964,-599,16
295676.7774135399,-562,16
290340.53576743335,-556,16
330655.7142591441,-611,16
335633.02339282667,-624,16
307115.96256676153,-580,16
311933.0804261631,-587,16
292726.0471303299,-561,16
316427.24533438403,-588,16
330655.7142591441,-611,16
303962.8784719726,-574,16
286765.9836760398,-553,16
331290.37013765826,-612,16
327033.63397950126,-603,16
295676.7774135399,-562,16
292726.0471303299,-561,16
300188.6005914296,-567,16
310704.1633334546,-585,16
323029.05868362315,-598,16
321028.6668454171,-595,16
326119.25848114677,-602,16
321761.0541234186,-596,16
334655.5534834752,-623,16
299403.81072942936,-565,16
338322.1157803783,-633,16
338376.9874580049,-634,16
332907.7383176172,-616,16
286765.9836760398,-553,16
337589.35268889036,-631,16
290340.53576743335,-556,16
326002.7815387945,-601,16
329386.49867505184,-607,16
311079.61654345103,-586,16
292726.0471303299,-561,16
286567.77435618633,-552,16
295676.7774135399,-562,16
287697.8037819731,-554,16
303565.11061710876,-573,16
329386.49867505184,-607,16
328660.7635324964,-606,16
334272.16807674774,-618,16
321899.8370057908,-597,16
291755.2224474684,-560,16
326002.7815387945,-601,16
337377.238580568,-630,16
292726.0471303299,-561,16
326002.7815387945,-601,16
311933.0804261631,-587,16
286765.9836760398,-553,16
317555.368749698,-590,16
301141.46301552124,-569,16
331486.5758615707,-613,16
301560.03132383677,-570,16
332754.9145735258,-614,16
329386.49867505184,-607,16
298676.60651474545,-564,16
299686.4406434125,-566,16
322953.0529815852,-599,17
340449.6093933063,-631,17
290804.0848922499,-550,17
330956.2167871207,-609,17
322953.0529815852,-599,17
334591.269571214,-615,17
294078.9890023188,-556,17
296901.9917128725,-558,17
322953.0529815852,-599,17
291394.47744521545,-553,17
339926.64996629243,-630,17
340654.76816468977,-633,17
332380.3953300693,-611,17
316456.52781777,-580,17
325764.2652169598,-602,17
324562.6748594656,-601,17
322715.3443298674,-597,17
331843.58932010405,-610,17
339647.96823660674,-628,17
340654.76816468977,-633,17
336847.0488608327,-618,17
324335.88937036315,-600,17
340654.76816468977,-633,17
293519.92508155684,-555,17
317231.35931840516,-581,17
321515.4031125166,-590,17
305071.25302921387,-567,17
322953.0529815852,-599,17
301370.28620164766,-563,17
328568.22172509285,-605,17
336847.0488608327,-618,17
333108.72546173376,-612,17
317231.35931840516,-581,17
334170.0601066574,-614,17
291394.47744521545,-553,17
310188.0200672938,-574,17
320541.6549338975,-586,17
318916.89185684605,-582,17
291394.47744521545,-553,17
329684.86536010116,-607,17
321515.4031125166,-590,17
333418.2729681416,-613,17
340654.76816468977,-633,17
308100.6285497081,-571,17
315179.79391052894,-578,17
324335.88937036315,-600,17
338104.44943436934,-621,17
315179.79391052894,-578,17
340654.76816468977,-633,17
310188.0200672938,-574,17
319768.0128009548,-583,17
320923.6809392487,-587,17
330064.1967697166,-608,17
301020.2961545035,-562,17
322953.0529815852,-599,17
293264.3879550129,-554,17
320532.51653351204,-585,17
302313.9546685386,-564,17
296901.9917128725,-558,17
339112.39677928464,-623,17
309319.12177746545,-573,17
291076.587308901,-552,17
300731.9386475223,-560,17
306201.61839880934,-568,17
320532.51653351204,-585,17
329319.9668480621,-606,17
339926.64996629243,-630,17
331843.58932010405,-610,17
340654.76816468977,-633,17
321515.4031125166,-590,17
337771.1017235819,-619,17
334170.0601066574,-614,17
303816.262939053,-565,17
304880.2448937275,-566,17
314870.3553497659,-577,17
306245.7740688039,-569,17
296408.30859641696,-557,17
307694.03897154576,-570,17
311144.78400767193,-575,17
336690.9360367536,-616,17
340654.76816468977,-633,17
340734.8051524637,-634,17
339647.96823660674,-628,17
313877.6273199589,-576,17
303816.262939053,-565,17
296901.9917128725,-558,17
305071.25302921387,-567,17
300081.3627560307,-559,17
322429.0288738452,-591,17
321515.4031125166,-590,17
296901.9917128725,-558,17
333108.72546173376,-612,17
338348.95886439,-622,17
308425.2803351126,-572,17
316232.4087604126,-579,17
322908.1481378393,-598,17
340654.76816468977,-633,17
322429.0288738452,-591,17
322429.0288738452,-591,17
288810.6691091946,-559,18
303926.40190149006,-575,18
316906.65906738304,-591,18
301618.64497364714,-570,18
288810.6691091946,-559,18
303926.40190149006,-575,18
290439.3053377495,-561,18
308524.9181687754,-583,18
323305.8383407449,-602,18
290439.3053377495,-561,18
334745.17568253085,-620,18
333957.6320421874,-618,18
288810.6691091946,-559,18
318894.89794873504,-593,18
293341.93284286937,-564,18
292890.26295802364,-563,18
323305.8383407449,-602,18
293341.93284286937,-564,18
334745.17568253085,-620,18
290439.3053377495,-561,18
290439.3053377495,-561,18
288292.2149526207,-557,18
308524.9181687754,-583,18
334745.17568253085,-620,18
332786.1020188375,-616,18
305758.5485127578,-578,18
322706.43477002456,-600,18
315986.11281995906,-588,18
329507.8778837487,-611,18
296731.1963840704,-567,18
316030.77525735035,-589,18
288292.2149526207,-557,18
303926.40190149006,-575,18
290439.3053377495,-561,18
303926.40190149006,-575,18
325988.9586226472,-607,18
319768.69652555976,-596,18
324586.361492057,-606,18
340057.485125091,-631,18
324365.766654214,-603,18
288292.2149526207,-557,18
303926.40190149006,-575,18
301386.8067080841,-569,18
316117.3741498563,-590,18
303895.89518941665,-573,18
320244.94733335037,-597,18
336602.5391937071,-622,18
337827.73739787383,-627,18
306977.5155570363,-580,18
316117.3741498563,-590,18
305600.4426873599,-577,18
320244.94733335037,-597,18
303463.2840292195,-572,18
337150.8954579704,-624,18
306977.5155570363,-580,18
303926.40190149006,-575,18
323066.28316474106,-601,18
306977.5155570363,-580,18
308524.9181687754,-583,18
340653.95816854906,-632,18
306977.5155570363,-580,18
290274.90703755687,-560,18
294127.81234884664,-565,18
315626.2523330036,-587,18
317930.7704029222,-592,18
288178.3941665984,-556,18
315626.2523330036,-587,18
307323.8001862509,-581,18
306977.5155570363,-580,18
321446.56879066007,-598,18
334421.5914141781,-619,18
321775.3016285998,-599,18
308236.0455980553,-582,18
292674.1553773695,-562,18
307323.8001862509,-581,18
288178.3941665984,-556,18
316030.77525735035,-589,18
319691.55105569476,-595,18
305151.0044329163,-576,18
334745.17568253085,-620,18
314272.8632797382,-584,18
338079.69629570126,-628,18
288810.6691091946,-559,18
335350.36970642634,-621,18
300621.4037280481,-568,18
330711.15229812544,-612,18
341347.04520794784,-633,18
314984.4714826224,-586,18
340653.95816854906,-632,18
308524.9181687754,-583,18
339374.0922119779,-630,18
306118.7034954805,-579,18
328355.51781489124,-608,18
306977.5155570363,-580,18
305600.4426873599,-577,18
332094.99692523095,-615,18
315626.2523330036,-587,18
294127.81234884664,-565,18
305600.4426873599,-577,18
287226.172316543,-555,18
333957.6320421874,-618,18
301618.64497364714,-570,18
314272.8632797382,-584,18
303926.40190149006,-575,18
338079.69629570126,-628,18
306977.5155570363,-580,18
333495.38154637197,-617,18
331163.5898094904,-614,18
288292.2149526207,-557,18
307323.8001862509,-581,18
329199.82261412503,-609,18
321775.3016285998,-599,18
308524.9181687754,-583,18
309625.5188898218,-579,19
341134.9930793361,-634,19
327768.3112596891,-611,19
311151.3917133389,-581,19
309625.5188898218,-579,19
318902.67785926757,-590,19
336486.92336256866,-624,19
305159.35270803503,-572,19
309625.5188898218,-579,19
325562.12721176585,-606,19
336486.92336256866,-624,19
333036.5552632849,-620,19
306931.66266060085,-574,19
333827.75067023415,-621,19
322114.882799861,-596,19
290562.12254034996,-556,19
322114.882799861,-596,19
313594.13362610375,-585,19
293097.0661469016,-558,19
335593.7483282411,-623,19
334338.10991864675,-622,19
327768.3112596891,-611,19
309625.5188898218,-579,19
330128.55299681803,-615,19
306133.0127679106,-573,19
333827.75067023415,-621,19
296265.7845816916,-561,19
323914.45547625766,-603,19
299130.82893296157,-566,19
307894.1943812901,-576,19
323700.7743201499,-601,19
296265.7845816916,-561,19
299083.9826078881,-565,19
318902.67785926757,-590,19
289356.4271617566,-554,19
340451.67769343604,-631,19
326536.48056679714,-609,19
309625.5188898218,-579,19
333827.75067023415,-621,19
305159.35270803503,-572,19
338496.228992792,-627,19
340451.67769343604,-631,19
319747.42623553873,-591,19
301799.97227465495,-570,19
324788.2401265627,-604,19
326350.77101264853,-608,19
337785.51872056624,-626,19
336486.92336256866,-624,19
305159.35270803503,-572,19
313594.13362610375,-585,19
290438.6237006989,-555,19
332289.32345232443,-617,19
326536.48056679714,-609,19
332508.6393065929,-618,19
309625.5188898218,-579,19
309625.5188898218,-579,19
309625.5188898218,-579,19
339769.8224571907,-630,19
317818.9441886119,-587,19
307653.38080836413,-575,19
333827.75067023415,-621,19
328679.27387381234,-612,19
340878.2574937297,-632,19
340878.2574937297,-632,19
298163.81897912227,-564,19
340451.67769343604,-631,19
341134.9930793361,-634,19
326024.18220005085,-607,19
310577.5977954348,-580,19
305159.35270803503,-572,19
309625.5188898218,-579,19
300998.0984130819,-569,19
309625.5188898218,-579,19
338496.228992792,-627,19
335593.7483282411,-623,19
318084.0678637425,-589,19
313514.6469602682,-584,19
331432.9805954805,-616,19
290438.6237006989,-555,19
335593.7483282411,-623,19
304482.6469913299,-571,19
296265.7845816916,-561,19
293874.89827325393,-559,19
317331.61193453055,-586,19
290438.6237006989,-555,19
335593.7483282411,-623,19
306931.66266060085,-574,19
337154.04694714607,-625,19
326536.48056679714,-609,19
294927.3681452027,-560,19
290438.6237006989,-555,19
332874.14535875665,-619,19
340451.67769343604,-631,19
327768.3112596891,-611,19
324993.21910263546,-605,19
340451.67769343604,-631,19
305159.35270803503,-572,19
336486.92336256866,-624,19
323016.04898869095,-597,19
309484.24198916886,-578,19
339103.4268846929,-628,19
309625.5188898218,-579,19
312883.81320111715,-582,19
319747.42623553873,-591,19
293097.0661469016,-558,19
309625.5188898218,-579,19
327462.38919080887,-610,19
321570.25698153477,-594,19
340451.67769343604,-631,19
309625.5188898218,-579,19
339318.51573387015,-629,19
296989.009981719,-562,19
309625.5188898218,-579,19
306931.66266060085,-574,19
320402.41908772977,-592,19
309625.5188898218,-579,19
321570.25698153477,-594,19
298163.81897912227,-564,19
341043.10339015437,-633,19
296265.7845816916,-561,19
327768.3112596891,-611,19
321570.25698153477,-594,19
322090.5265258367,-595,19
309625.5188898218,-579,19
329283.8516236025,-613,19
309625.5188898218,-579,19
330128.55299681803,-615,19
300721.81098084204,-567,19
298163.81897912227,-564,19
327768.3112596891,-611,19
336486.92336256866,-624,19
324788.2401265627,-604,19
339584.6974438037,-622,20
309845.1808771495,-571,20
323375.2767382633,-595,20
323833.8900489419,-596,20
320521.5819142796,-588,20
331848.4886123577,-608,20
320521.5819142796,-588,20
315253.86678554496,-579,20
323375.2767382633,-595,20
315253.86678554496,-579,20
315253.86678554496,-579,20
323375.2767382633,-595,20
309845.97701585665,-572,20
311237.26366452733,-573,20
339307.2503045362,-619,20
309199.87507562776,-570,20
320363.124111418,-587,20
330786.5482629695,-605,20
315253.86678554496,-579,20
307077.6735116408,-566,20
313946.92371387983,-577,20
331848.4886123577,-608,20
343924.35880260286,-627,20
331848.4886123577,-608,20
313918.6714203757,-575,20
321491.9361121304,-589,20
315253.86678554496,-579,20
327239.2255022394,-597,20
347702.57680845854,-633,20
343407.02396470844,-625,20
309845.97701585665,-572,20
315025.61879532714,-578,20
338622.0985726007,-617,20
344297.21801633405,-628,20
318791.15398087184,-584,20
335857.9213490666,-613,20
330329.1883860453,-601,20
308522.40130707866,-568,20
330036.0594129379,-599,20
318791.15398087184,-584,20
316618.71062431944,-580,20
339307.2503045362,-619,20
330399.17463674926,-602,20
343407.02396470844,-625,20
346521.75492023,-630,20
309845.97701585665,-572,20
319745.9837697971,-585,20
309845.97701585665,-572,20
347702.57680845854,-633,20
339072.59035420464,-618,20
320521.5819142796,-588,20
323375.2767382633,-595,20
315253.86678554496,-579,20
342889.90320536273,-624,20
343846.6717691272,-626,20
319745.9837697971,-585,20
335008.37233425525,-610,20
336837.05317205255,-614,20
330786.5482629695,-605,20
330786.5482629695,-605,20
321491.9361121304,-589,20
308522.40130707866,-568,20
330786.5482629695,-605,20
343924.35880260286,-627,20
331446.8524086023,-606,20
348321.7940835202,-634,20
287308.0513286665,-559,20
322340.3584013501,-591,20
330786.5482629695,-605,20
309845.97701585665,-572,20
343407.02396470844,-625,20
347126.8016298545,-631,20
309199.87507562776,-570,20
338622.0985726007,-617,20
331446.8524086023,-606,20
346160.44941609516,-629,20
288192.52662985056,-560,20
321692.6798683118,-590,20
307077.6735116408,-566,20
343924.35880260286,-627,20
317239.85925778956,-581,20
318659.8031699084,-583,20
306133.6709207023,-565,20
321491.9361121304,-589,20
323184.9112262144,-592,20
339307.2503045362,-619,20
348321.7940835202,-634,20
315025.61879532714,-578,20
340860.1120681179,-623,20
344297.21801633405,-628,20
308877.3458613711,-569,20
335846.57188983285,-611,20
290905.21493796236,-562,20
335846.57188983285,-611,20
330419.8673511082,-604,20
339072.59035420464,-618,20
318791.15398087184,-584,20
340860.1120681179,-623,20
308248.3506174148,-567,20
309845.97701585665,-572,20
330005.53509892215,-598,20
312982.79172767815,-574,20
338095.65754085843,-616,20
332357.99674525735,-609,20
291832.28242637875,-563,20
290834.25896908436,-561,20
318224.2595292156,-588,21
295861.9422864853,-560,21
300377.24079634715,-566,21
300377.24079634715,-566,21
334284.77846033266,-613,21
338717.681060395,-623,21
321118.38917976816,-592,21
338471.689520384,-622,21
321118.38917976816,-592,21
314411.60924306425,-582,21
336929.6762011725,-618,21
341227.2395259384,-628,21
315789.6703249308,-584,21
300377.24079634715,-566,21
321118.38917976816,-592,21
337535.61936583335,-619,21
297749.5833159483,-563,21
319061.266278943,-589,21
310454.5008921869,-577,21
338430.1034784096,-621,21
331594.67344998295,-608,21
321118.38917976816,-592,21
318224.2595292156,-588,21
331594.67344998295,-608,21
320946.7367477193,-591,21
324327.81016420596,-596,21
331594.67344998295,-608,21
314411.60924306425,-582,21
311534.482808302,-579,21
301275.0867782225,-567,21
326081.552741265,-597,21
317550.8529910333,-587,21
323025.8715310203,-595,21
335271.0643874557,-614,21
332736.2551460637,-611,21
327250.23488535866,-598,21
300205.2344815207,-565,21
327963.5982904533,-599,21
315791.8103087084,-585,21
300377.24079634715,-566,21
342180.3395920814,-631,21
341227.2395259384,-628,21
337872.43401893135,-620,21
339655.97863719135,-624,21
331879.67581435665,-609,21
341227.2395259384,-628,21
304167.7519391626,-570,21
342028.9667976677,-630,21
335271.0643874557,-614,21
330376.337952393,-603,21
303961.69750888506,-569,21
331353.3767110478,-605,21
332928.746618642,-612,21
300205.2344815207,-565,21
312586.4932674004,-581,21
341227.2395259384,-628,21
307059.23432307504,-572,21
332545.79005852895,-610,21
335892.56128709065,-615,21
302154.4009695902,-568,21
321118.38917976816,-592,21
331171.0239247254,-604,21
343245.7614639221,-633,21
315358.328825855,-583,21
340669.5205628744,-627,21
341431.31086796743,-629,21
338717.681060395,-623,21
332736.2551460637,-611,21
331879.67581435665,-609,21
300377.24079634715,-566,21
314411.60924306425,-582,21
337872.43401893135,-620,21
323025.8715310203,-595,21
343245.7614639221,-633,21
338430.1034784096,-621,21
320215.82521508454,-590,21
328156.8164083021,-600,21
342180.3395920814,-631,21
321426.19175882125,-593,21
309060.61784264795,-575,21
332928.746618642,-612,21
317511.7971330457,-586,21
312586.4932674004,-581,21
299799.35106109106,-564,21
338471.689520384,-622,21
340511.554301171,-625,21
319061.266278943,-589,21
300377.24079634715,-566,21
311928.5609629728,-580,21
341227.2395259384,-628,21
308688.9279173487,-573,21
331879.67581435665,-609,21
329624.44060612767,-601,21
336614.8901664336,-616,21
300377.24079634715,-566,21
296941.2539406804,-562,21
330376.337952393,-603,21
315791.8103087084,-585,21
322653.10132922395,-594,21
314411.60924306425,-582,21
321118.38917976816,-592,21
318723.32618721144,-591,22
321835.1397875632,-596,22
327842.5117550683,-603,22
327842.5117550683,-603,22
330247.6066950206,-609,22
327842.5117550683,-603,22
322611.47431581607,-597,22
312305.7381701141,-580,22
327842.5117550683,-603,22
324924.37955749425,-599,22
311901.11623276875,-579,22
318723.32618721144,-591,22
308587.0170805573,-573,22
332878.07126800716,-612,22
312305.7381701141,-580,22
308587.0170805573,-573,22
308587.0170805573,-573,22
324924.37955749425,-599,22
308587.0170805573,-573,22
305099.38223286206,-567,22
318723.32618721144,-591,22
334383.5837156225,-615,22
323882.9586359315,-598,22
304535.76117904694,-566,22
325987.49908213655,-600,22
310764.53822724667,-576,22
306583.6695553215,-570,22
337898.2632017446,-622,22
312305.7381701141,-580,22
342254.15167547273,-629,22
314750.37640867743,-583,22
308587.0170805573,-573,22
322611.47431581607,-597,22
308587.0170805573,-573,22
309233.15726721927,-574,22
340328.0256654753,-625,22
334383.5837156225,-615,22
312305.7381701141,-580,22
327791.21511775634,-602,22
334383.5837156225,-615,22
314750.37640867743,-583,22
331188.38016310945,-610,22
333365.6621378178,-613,22
327842.5117550683,-603,22
334383.5837156225,-615,22
335916.71779522824,-620,22
337384.8793233484,-621,22
311064.9098401408,-577,22
319230.33726721903,-592,22
314750.37640867743,-583,22
341251.04773005436,-627,22
334677.7214630314,-616,22
305561.5591539206,-568,22
328515.3924113748,-604,22
321835.1397875632,-596,22
311735.13909092726,-578,22
341251.04773005436,-627,22
309233.15726721927,-574,22
314417.95996343996,-582,22
324924.37955749425,-599,22
308587.0170805573,-573,22
342212.3361672456,-628,22
322611.47431581607,-597,22
320003.5110603617,-594,22
343054.14361410396,-630,22
338830.3966515696,-623,22
327654.4424215028,-601,22
321835.1397875632,-596,22
329840.4858780641,-607,22
305561.5591539206,-568,22
322611.47431581607,-597,22
317664.62472000497,-589,22
327842.5117550683,-603,22
310764.53822724667,-576,22
317996.9089293188,-590,22
310078.85113576055,-575,22
319230.33726721903,-592,22
340328.0256654753,-625,22
343806.55253284506,-631,22
327654.4424215028,-601,22
312305.7381701141,-580,22
312305.7381701141,-580,22
324924.37955749425,-599,22
339681.80251424626,-624,22
312305.7381701141,-580,22
316427.71832488436,-588,22
307777.7471097278,-571,22
315683.8771321736,-584,22
331984.901643042,-611,22
327842.5117550683,-603,22
334677.7214630314,-616,22
335153.4112165857,-617,22
341174.0585304294,-626,22
329457.77206092153,-605,22
334057.95022295055,-614,22
312305.7381701141,-580,22
331984.901643042,-611,22
308365.3982063402,-572,22
309233.15726721927,-574,22
312305.7381701141,-580,22
343806.55253284506,-631,22
306583.6695553215,-570,22
313773.1587734473,-581,22
320988.5097664739,-595,22
314417.95996343996,-582,22
322611.47431581607,-597,22
320003.5110603617,-594,22
312305.7381701141,-580,22
320003.5110603617,-594,22
311064.9098401408,-577,22
340328.0256654753,-625,22
306367.01760727685,-569,22
327875.5551067926,-601,23
327875.5551067926,-601,23
310323.27703184617,-572,23
320506.5780846733,-588,23
309081.0306296497,-570,23
327875.5551067926,-601,23
323802.48934352165,-598,23
332355.93686280807,-611,23
319258.8981731527,-584,23
323802.48934352165,-598,23
332355.93686280807,-611,23
344761.32156490145,-634,23
327875.5551067926,-601,23
311479.9888172677,-575,23
299153.0133665578,-558,23
328771.9939517719,-602,23
302522.1053649517,-562,23
321540.2543747918,-590,23
323447.89749940595,-595,23
344761.32156490145,-634,23
330281.97121520725,-604,23
331304.26896126405,-607,23
328771.9939517719,-602,23
299153.0133665578,-558,23
333611.78688902437,-612,23
311479.9888172677,-575,23
332355.93686280807,-611,23
310323.27703184617,-572,23
328771.9939517719,-602,23
311340.32655991876,-574,23
327204.5741236437,-599,23
303231.64378495427,-563,23
311340.32655991876,-574,23
337937.8874947507,-618,23
321134.35714187165,-589,23
341133.4988759831,-623,23
306732.8892168105,-565,23
332355.93686280807,-611,23
321134.35714187165,-589,23
303231.64378495427,-563,23
330458.31986502337,-605,23
315228.50943332294,-576,23
327875.5551067926,-601,23
302522.1053649517,-562,23
321708.6890212821,-591,23
342549.3019409261,-626,23
332355.93686280807,-611,23
319258.8981731527,-584,23
329799.63722124376,-603,23
327727.43412093987,-600,23
321708.6890212821,-591,23
332089.46563339914,-610,23
311340.32655991876,-574,23
332355.93686280807,-611,23
339565.0213641128,-620,23
332355.93686280807,-611,23
319258.8981731527,-584,23
323802.48934352165,-598,23
311340.32655991876,-574,23
332089.46563339914,-610,23
342549.3019409261,-626,23
328771.9939517719,-602,23
327875.5551067926,-601,23
332355.93686280807,-611,23
331304.26896126405,-607,23
319258.8981731527,-584,23
321134.35714187165,-589,23
341649.22170696105,-624,23
307290.4993543143,-566,23
343626.6804010003,-631,23
323802.48934352165,-598,23
311479.9888172677,-575,23
332355.93686280807,-611,23
320152.48482907773,-585,23
338816.0274910359,-619,23
322854.32972859824,-592,23
341133.4988759831,-623,23
344141.4241585774,-632,23
332355.93686280807,-611,23
327875.5551067926,-601,23
334823.8991119551,-614,23
328771.9939517719,-602,23
306732.8892168105,-565,23
330281.97121520725,-604,23
323802.48934352165,-598,23
333837.49397656467,-613,23
316044.1469303697,-578,23
308276.87746330706,-568,23
311008.35933428,-573,23
306651.8956119763,-564,23
341747.0518912862,-625,23
321134.35714187165,-589,23
332355.93686280807,-611,23
319258.8981731527,-584,23
302301.72589754674,-561,23
343010.4779591324,-629,23
317082.4327622075,-579,23
318780.998989666,-583,23
318474.16273588967,-581,23
327875.5551067926,-601,23
335684.778873075,-615,23
340386.0111020693,-621,23
328771.9939517719,-602,23
330548.03200461355,-606,23
310323.27703184617,-572,23
302301.72589754674,-561,23
323802.48934352165,-598,23
317396.21594303113,-580,23
301953.7711931679,-559,23
344587.5169502333,-633,23
334823.8991119551,-614,23
323802.48934352165,-598,23
297416.7163970227,-555,23
308582.1913939349,-569,23
315228.50943332294,-576,23
323324.4979117682,-593,23
319258.8981731527,-584,23
321134.35714187165,-589,23
311479.9888172677,-575,23
309651.6214562437,-571,23
332355.93686280807,-611,23
298061.6897994732,-556,23
330281.97121520725,-604,23
307474.5097321741,-567,23
338816.0274910359,-619,23
332033.0042236795,-609,23
327875.5551067926,-601,23
319258.8981731527,-584,23
311340.32655991876,-574,23
315715.06538219145,-577,23
331304.26896126405,-607,23
320346.5291835053,-595,24
311809.904737691,-587,24
339970.31234363595,-634,24
318280.45224681054,-591,24
318280.45224681054,-591,24
311809.904737691,-587,24
320346.5291835053,-595,24
289663.16678360157,-552,24
330249.4442694703,-609,24
301098.5957222624,-565,24
318280.45224681054,-591,24
322516.56734949804,-597,24
307709.21180390735,-579,24
339233.429194005,-633,24
319168.37368689646,-592,24
318280.45224681054,-591,24
331467.5397602482,-611,24
307294.73537908733,-578,24
297691.74602005177,-563,24
290617.38012834336,-554,24
330249.4442694703,-609,24
311809.904737691,-587,24
309832.0361526083,-583,24
338718.8639632394,-630,24
289663.16678360157,-552,24
323691.32850300346,-599,24
307294.73537908733,-578,24
311466.91105009627,-586,24
326623.5314605925,-603,24
289663.16678360157,-552,24
318280.45224681054,-591,24
318280.45224681054,-591,24
311809.904737691,-587,24
290617.38012834336,-554,24
317143.14262644976,-588,24
288852.33707550826,-550,24
303353.26429020613,-569,24
303353.26429020613,-569,24
297691.74602005177,-563,24
338612.88722989056,-627,24
293835.384886654,-557,24
327182.6278305876,-604,24
317819.57680079155,-590,24
333468.71365672053,-613,24
318280.45224681054,-591,24
339182.9172246342,-632,24
336870.82762001443,-620,24
309548.8460679477,-582,24
337843.8766364566,-626,24
296799.9784333675,-562,24
303353.26429020613,-569,24
296517.40835359937,-560,24
336603.617527475,-619,24
339970.31234363595,-634,24
293835.384886654,-557,24
339233.429194005,-633,24
306959.41757880483,-576,24
303353.26429020613,-569,24
301098.5957222624,-565,24
324644.8640800968,-601,24
334856.4016476706,-616,24
319800.36068018945,-593,24
311809.904737691,-587,24
333744.08567125374,-614,24
293835.384886654,-557,24
323691.32850300346,-599,24
311809.904737691,-587,24
322443.5863226945,-596,24
320346.41289751895,-594,24
288311.9903560775,-549,24
328158.86362457334,-606,24
293835.384886654,-557,24
322516.56734949804,-597,24
339970.31234363595,-634,24
322516.56734949804,-597,24
311809.904737691,-587,24
337593.8874539131,-624,24
336603.617527475,-619,24
309548.8460679477,-582,24
311809.904737691,-587,24
318280.45224681054,-591,24
311434.4630012173,-585,24
302341.2636641647,-567,24
290027.70886479155,-553,24
296799.9784333675,-562,24
302918.6219295297,-568,24
332931.6187718933,-612,24
327182.6278305876,-604,24
324644.8640800968,-601,24
302918.6219295297,-568,24
294557.5705691403,-558,24
319168.37368689646,-592,24
324443.02428922744,-600,24
309142.7163195377,-581,24
335230.9534936707,-617,24
308834.33015096036,-580,24
297691.74602005177,-563,24
320346.5291835053,-595,24
318280.45224681054,-591,24
301098.5957222624,-565,24
337593.8874539131,-624,24
337843.8766364566,-626,24
290617.38012834336,-554,24
323598.37945857306,-598,24
293835.384886654,-557,24
336582.3313696739,-618,24
305456.72374153166,-573,24
330249.4442694703,-609,24
326515.8483847027,-602,24
306959.41757880483,-576,24
311809.904737691,-587,24
331155.8592607377,-610,24
334653.3450966465,-615,24
317819.57680079155,-590,24
338718.8639632394,-630,24
308834.33015096036,-580,24
293835.384886654,-557,24
336582.3313696739,-618,24
328158.86362457334,-606,24
304420.2684949819,-571,24
307218.8961934826,-577,24
324644.8640800968,-601,24
304237.7671924911,-570,24
290617.38012834336,-554,24
330249.4442694703,-609,24
311809.904737691,-587,24
318280.45224681054,-591,24
329304.00723458483,-607,24
327476.00063703617,-605,24
330092.63810930273,-608,24
301098.5957222624,-565,24
307709.21180390735,-579,24
293107.87309077487,-556,24
294947.07450570446,-559,24
307294.73537908733,-578,24
307294.73537908733,-578,24
318280.45224681054,-591,24
320346.5291835053,-595,24
310691.6241283141,-584,24
296517.40835359937,-560,24
303353.26429020613,-569,24
337320.8278076084,-621,24
335230.9534936707,-617,24
333468.71365672053,-613,24
306352.6779897281,-575,24
330092.63810930273,-608,24
300826.2929480256,-564,24
317143.14262644976,-588,24
307218.8961934826,-577,24
330249.4442694703,-609,24
292747.49121754314,-555,24
301261.8692261834,-566,24
301150.9478395578,-569,25
290971.93154159584,-558,25
321388.74983888475,-596,25
294788.30911404,-562,25
340806.6779269585,-634,25
311766.6148168839,-583,25
305754.6107563257,-575,25
320812.66440287075,-595,25
336324.72871565196,-622,25
312098.9566985586,-584,25
329159.60479374486,-611,25
317009.36988647823,-590,25
317009.36988647823,-590,25
339793.78134037124,-631,25
339793.78134037124,-631,25
306139.1991943829,-576,25
308589.1989360376,-581,25
329159.60479374486,-611,25
325064.3287471333,-603,25
331599.7043012441,-613,25
319699.79771087714,-593,25
298284.8089544297,-563,25
320644.9781853323,-594,25
294788.30911404,-562,25
336324.72871565196,-622,25
332397.4154223555,-614,25
317009.36988647823,-590,25
326380.2252409656,-605,25
331599.7043012441,-613,25
339935.631601063,-632,25
298284.8089544297,-563,25
293737.3588772322,-559,25
326380.2252409656,-605,25
307002.9330705501,-579,25
304687.04864346684,-574,25
323197.44287209597,-600,25
322922.8355639042,-599,25
331398.70500049886,-612,25
301150.9478395578,-569,25
304306.417745884,-573,25
331599.7043012441,-613,25
340482.4739506815,-633,25
317009.36988647823,-590,25
301150.9478395578,-569,25
338752.6731553066,-627,25
339206.4854706048,-630,25
340482.4739506815,-633,25
337854.7188104729,-625,25
317009.36988647823,-590,25
294769.32048433257,-561,25
311766.6148168839,-583,25
338941.2655876914,-628,25
303452.7633597296,-572,25
337572.8924771649,-624,25
306528.5293844689,-578,25
331599.7043012441,-613,25
298974.8287627882,-564,25
317009.36988647823,-590,25
299747.398819188,-567,25
331599.7043012441,-613,25
333103.6652812046,-617,25
339793.78134037124,-631,25
335011.31902862946,-621,25
331599.7043012441,-613,25
324779.581326171,-602,25
334994.84394319664,-620,25
334058.2685344892,-618,25
339793.78134037124,-631,25
323932.4510771159,-601,25
306139.1991943829,-576,25
337295.5709226672,-623,25
325064.3287471333,-603,25
310927.0413952411,-582,25
299422.6150651986,-566,25
338752.6731553066,-627,25
300546.15338000044,-568,25
339793.78134037124,-631,25
310927.0413952411,-582,25
306478.0553360552,-577,25
307778.4415095535,-580,25
331599.7043012441,-613,25
317942.5916619889,-591,25
336324.72871565196,-622,25
337295.5709226672,-623,25
308589.1989360376,-581,25
323197.44287209597,-600,25
336324.72871565196,-622,25
321592.02028254175,-597,25
339206.4854706048,-630,25
322883.0663640101,-598,25
302254.64720001485,-571,25
320644.9781853323,-594,25
302190.19129394466,-570,25
327309.65678784763,-606,25
317009.36988647823,-590,25
290205.08123342483,-555,25
331599.7043012441,-613,25
320644.9781853323,-594,25
325064.3287471333,-603,25
335011.31902862946,-621,25
293973.92275719275,-560,25
316920.7369887899,-588,25
340806.6779269585,-634,25
334994.84394319664,-620,25
328920.9647700673,-608,25
316274.7899883537,-587,25
303452.7633597296,-572,25
339793.78134037124,-631,25
325365.1617198777,-604,25
326380.2252409656,-605,25
331599.7043012441,-613,25
328920.9647700673,-608,25
290475.55648134864,-556,25
339793.78134037124,-631,25
318217.3995228611,-592,25
311766.6148168839,-583,25
293973.92275719275,-560,25
326380.2252409656,-605,25
354514.201823899,-629,26
336785.13971193816,-597,26
336785.13971193816,-597,26
339238.947402713,-602,26
354514.201823899,-629,26
342497.3804389209,-607,26
355822.9261285307,-632,26
330279.7970486883,-586,26
336208.04101653746,-595,26
355016.2214704448,-630,26
326263.187646722,-581,26
355734.0695083439,-631,26
354133.2216063645,-628,26
352140.3109544391,-624,26
322601.98224731506,-574,26
355016.2214704448,-630,26
342330.2466823433,-606,26
353021.44944441534,-626,26
322601.98224731506,-574,26
356602.76248350914,-633,26
341384.8816306025,-605,26
352140.3109544391,-624,26
335678.67327976826,-594,26
327133.056962984,-582,26
335447.4844520073,-593,26
320072.4963569381,-570,26
333498.518157224,-589,26
346543.0233063498,-614,26
346879.51021207566,-615,26
322601.98224731506,-574,26
351022.5287782947,-621,26
336785.13971193816,-597,26
333529.5724213292,-590,26
347169.2482735068,-616,26
338627.15492111054,-601,26
336785.13971193816,-597,26
323360.91655452864,-575,26
350359.98982489656,-620,26
332756.07744645845,-588,26
350359.98982489656,-620,26
322601.98224731506,-574,26
351574.80337069934,-623,26
321493.4123984084,-572,26
335678.67327976826,-594,26
343471.72550777555,-608,26
344287.9541568427,-609,26
328595.35915183014,-584,26
323360.91655452864,-575,26
322601.98224731506,-574,26
346543.0233063498,-614,26
322501.0253341772,-573,26
322501.0253341772,-573,26
353619.0646864669,-627,26
322601.98224731506,-574,26
335254.506795001,-592,26
334672.5558575434,-591,26
336730.9478331723,-596,26
346543.0233063498,-614,26
327133.056962984,-582,26
352140.3109544391,-624,26
355016.2214704448,-630,26
351022.5287782947,-621,26
342497.3804389209,-607,26
338566.77685252234,-599,26
320072.4963569381,-570,26
319104.7397330319,-568,26
323360.91655452864,-575,26
352140.3109544391,-624,26
332756.07744645845,-588,26
346371.769073587,-613,26
327133.056962984,-582,26
341384.8816306025,-605,26
320072.4963569381,-570,26
351390.5174653967,-622,26
354133.2216063645,-628,26
320713.40841896256,-571,26
323360.91655452864,-575,26
354133.2216063645,-628,26
342497.3804389209,-607,26
354133.2216063645,-628,26
349705.6873646468,-618,26
336785.13971193816,-597,26
323360.91655452864,-575,26
341384.8816306025,-605,26
325144.35816462926,-576,26
354133.2216063645,-628,26
352927.78739017725,-625,26
326263.187646722,-581,26
336785.13971193816,-597,26
330781.8350604226,-587,26
338566.77685252234,-599,26
332756.07744645845,-588,26
339238.947402713,-602,26
345805.5658859515,-610,26
327133.056962984,-582,26
338627.15492111054,-601,26
346879.51021207566,-615,26
337960.86160306324,-598,26
326099.2756484288,-577,26
322601.98224731506,-574,26
322601.98224731506,-574,26
351390.5174653967,-622,26
355734.0695083439,-631,26
327133.056962984,-582,26
327683.98857695836,-583,26
347169.2482735068,-616,26
345805.5658859515,-610,26
329914.39864079433,-585,26
354133.2216063645,-628,26
340744.8403460745,-603,26
349147.5498618371,-617,26
341185.10113621486,-604,26
333001.01014430943,-606,27
291631.8844978301,-556,27
342434.4980004413,-625,27
342434.4980004413,-625,27
344484.9199198147,-629,27
295561.16059340973,-559,27
291631.8844978301,-556,27
325287.81591168966,-594,27
298937.2257696136,-565,27
298937.2257696136,-565,27
299226.4685413259,-566,27
309899.5734934084,-578,27
326709.15867762873,-596,27
339846.32294660155,-620,27
311830.68623839976,-581,27
300122.75287273846,-567,27
290860.48426091083,-555,27
311207.54755332146,-580,27
322165.55020591646,-590,27
339846.32294660155,-620,27
344466.0600118623,-628,27
309899.5734934084,-578,27
294722.2567205453,-558,27
309899.5734934084,-578,27
307388.51373552636,-574,27
312602.6345929269,-582,27
326709.15867762873,-596,27
298937.2257696136,-565,27
342434.4980004413,-625,27
333001.01014430943,-606,27
303455.75375539064,-570,27
326858.9990947747,-597,27
292835.3208677258,-557,27
334559.6866377062,-609,27
290298.1529454944,-554,27
300747.9909184162,-568,27
323176.62567682524,-591,27
304188.5792615295,-571,27
322165.55020591646,-590,27
323176.62567682524,-591,27
326858.9990947747,-597,27
297129.54486762185,-562,27
329168.06571199605,-598,27
303455.75375539064,-570,27
333001.01014430943,-606,27
333001.01014430943,-606,27
332955.5565823008,-605,27
323499.52744645387,-592,27
340218.1394432315,-621,27
323176.62567682524,-591,27
333001.01014430943,-606,27
342434.4980004413,-625,27
330950.57984853705,-601,27
309899.5734934084,-578,27
291631.8844978301,-556,27
329168.06571199605,-598,27
290001.2147529408,-553,27
309526.6234170502,-577,27
346004.025141106,-632,27
338954.01638983673,-618,27
326709.15867762873,-596,27
326036.91764834203,-595,27
339846.32294660155,-620,27
312602.6345929269,-582,27
341854.0469078885,-624,27
343754.4966882991,-627,27
306808.9962668287,-573,27
297027.5036200167,-561,27
308367.98129142966,-575,27
295561.16059340973,-559,27
298937.2257696136,-565,27
336170.27757042274,-611,27
311207.54755332146,-580,27
341489.0136148269,-622,27
337108.4818383729,-613,27
338120.8784582412,-615,27
308367.98129142966,-575,27
309899.5734934084,-578,27
322108.84755858703,-589,27
322099.79859323194,-588,27
333001.01014430943,-606,27
346004.025141106,-632,27
310860.6147915085,-579,27
302786.61390611227,-569,27
297811.0694345544,-563,27
306808.9962668287,-573,27
344484.9199198147,-629,27
333001.01014430943,-606,27
320500.68821208493,-583,27
333846.5343119024,-607,27
308367.98129142966,-575,27
297811.0694345544,-563,27
335357.29796375305,-610,27
336343.686166805,-612,27
345205.83651384537,-630,27
335357.29796375305,-610,27
310860.6147915085,-579,27
333001.01014430943,-606,27
326858.9990947747,-597,27
309153.7149003556,-576,27
333001.01014430943,-606,27
296188.57218091434,-560,27
309526.6234170502,-577,27
311830.68623839976,-581,27
298585.73448044294,-564,27
322099.79859323194,-588,27
346213.44069940975,-633,27
331804.89356433036,-602,27
339333.4750610744,-619,27
343296.089780361,-626,27
331478.44063522434,-619,28
310216.50710400305,-582,28
332837.91493028286,-622,28
326760.1024959383,-610,28
311555.3737460936,-585,28
327547.5295067515,-611,28
320156.50291797443,-596,28
297386.6399344877,-570,28
334471.23915873864,-625,28
297386.6399344877,-570,28
311555.3737460936,-585,28
310216.50710400305,-582,28
293310.3354327003,-562,28
296177.3184836416,-567,28
318510.2669584487,-593,28
283949.76607589633,-558,28
311555.3737460936,-585,28
309314.0147053595,-581,28
333475.4586549061,-623,28
326760.1024959383,-610,28
334137.2984444294,-624,28
321884.2547513698,-600,28
294626.49405993446,-564,28
321396.5509051854,-599,28
284715.2377662416,-559,28
320156.50291797443,-596,28
285603.5386932767,-560,28
296989.09531701205,-569,28
321884.2547513698,-600,28
316260.48633277015,-589,28
309314.0147053595,-581,28
325717.7895271934,-606,28
298736.99931450567,-571,28
334471.23915873864,-625,28
335223.8825152174,-626,28
293310.3354327003,-562,28
325717.7895271934,-606,28
311555.3737460936,-585,28
321884.2547513698,-600,28
296796.9260381577,-568,28
308934.8290465987,-580,28
297386.6399344877,-570,28
304586.12035416265,-573,28
283122.1949898868,-557,28
331119.7051726691,-617,28
320156.50291797443,-596,28
317879.149937986,-592,28
321884.2547513698,-600,28
334137.2984444294,-624,28
321263.95059351315,-598,28
311555.3737460936,-585,28
304586.12035416265,-573,28
321263.95059351315,-598,28
321263.95059351315,-598,28
317487.2198397595,-591,28
306480.42818056606,-576,28
326688.12579582224,-607,28
309314.0147053595,-581,28
314594.1311541811,-587,28
320912.9452271547,-597,28
322559.75304806954,-601,28
293310.3354327003,-562,28
311555.3737460936,-585,28
297386.6399344877,-570,28
295258.48177364725,-565,28
311555.3737460936,-585,28
321263.95059351315,-598,28
310216.50710400305,-582,28
283949.76607589633,-558,28
304586.12035416265,-573,28
334137.2984444294,-624,28
333475.4586549061,-623,28
315729.89927854505,-588,28
311555.3737460936,-585,28
298736.99931450567,-571,28
327547.5295067515,-611,28
283949.76607589633,-558,28
313131.5973412357,-586,28
321263.95059351315,-598,28
317229.14502808725,-590,28
336380.2424452087,-633,28
294293.59369738546,-563,28
305655.47051588946,-575,28
311473.2524262924,-584,28
334471.23915873864,-625,28
329666.3956055305,-612,28
321263.95059351315,-598,28
326760.1024959383,-610,28
293310.3354327003,-562,28
310216.50710400305,-582,28
336380.2424452087,-633,28
305454.6863057045,-574,28
294626.49405993446,-564,28
336140.980767922,-628,28
330644.1808026584,-614,28
313131.5973412357,-586,28
337191.27401300735,-634,28
297386.6399344877,-570,28
319453.8086695675,-594,28
324238.94389280124,-602,28
308167.2143668734,-579,28
298736.99931450567,-571,28
310833.2956054964,-583,28
329666.3956055305,-612,28
311473.2524262924,-584,28
320156.50291797443,-596,28
321263.95059351315,-598,28
284715.2377662416,-559,28
330644.1808026584,-614,28
333475.4586549061,-623,28
307271.4338968874,-577,28
329799.225727019,-613,28
335389.0271356503,-627,28
320156.50291797443,-596,28
324948.5970748391,-604,28
324946.07343692845,-603,28
321884.2547513698,-600,28
325512.2042200044,-605,28
296177.3184836416,-567,28
334137.2984444294,-624,28
332130.15235839254,-620,28
313131.5973412357,-586,28
336140.980767922,-628,28
325315.3587905796,-585,29
325315.3587905796,-585,29
324291.44046402833,-583,29
308269.52047832095,-564,29
325845.1555907767,-586,29
322470.5825667714,-580,29
329112.6697828025,-589,29
329112.6697828025,-589,29
306128.8809535372,-561,29
322337.7283152376,-579,29
307724.54147064063,-563,29
317491.8449695712,-574,29
332310.11037071474,-596,29
317491.8449695712,-574,29
307724.54147064063,-563,29
305271.0575688374,-560,29
319620.6861323481,-577,29
332002.84009958996,-595,29
324921.8044168596,-584,29
317491.8449695712,-574,29
340833.2132301719,-614,29
317491.8449695712,-574,29
309690.7198638729,-566,29
346818.6232363242,-626,29
317491.8449695712,-574,29
345572.196923314,-624,29
319106.8527090852,-576,29
343448.3406544201,-619,29
330124.19057053246,-591,29
317491.8449695712,-574,29
329112.6697828025,-589,29
333994.5473928384,-603,29
333778.2506849475,-602,29
317436.8341323752,-573,29
344578.2162893128,-622,29
312171.91147908865,-569,29
305271.0575688374,-560,29
317491.8449695712,-574,29
330124.19057053246,-591,29
309690.7198638729,-566,29
332002.84009958996,-595,29
321635.49648080184,-578,29
317491.8449695712,-574,29
330908.0726938783,-592,29
346434.50316060014,-625,29
342344.6091277588,-617,29
310626.7041120263,-567,29
332002.84009958996,-595,29
337904.66331432346,-609,29
333586.91156704427,-601,29
333994.5473928384,-603,29
341925.8360266489,-616,29
322337.7283152376,-579,29
349239.77081814903,-631,29
328608.197357778,-588,29
332002.84009958996,-595,29
323324.92766621924,-581,29
340833.2132301719,-614,29
307724.54147064063,-563,29
333283.326470093,-597,29
349070.1203903379,-630,29
336789.17480713606,-607,29
307724.54147064063,-563,29
316424.8962749951,-572,29
330124.19057053246,-591,29
335901.45354090986,-605,29
348056.2473731065,-628,29
305271.0575688374,-560,29
350118.74354535725,-633,29
307724.54147064063,-563,29
349710.3255796385,-632,29
310956.16687003145,-568,29
309690.7198638729,-566,29
317491.8449695712,-574,29
347420.4063889203,-627,29
341094.63318604167,-615,29
331457.09491481923,-594,29
308269.52047832095,-564,29
317491.8449695712,-574,29
338480.1823925308,-610,29
332002.84009958996,-595,29
324003.71158002416,-582,29
330124.19057053246,-591,29
317491.8449695712,-574,29
319106.8527090852,-576,29
309690.7198638729,-566,29
340833.2132301719,-614,29
344082.8720311228,-620,29
339846.82196060696,-612,29
332002.84009958996,-595,29
345572.196923314,-624,29
306128.8809535372,-561,29
340833.2132301719,-614,29
333994.5473928384,-603,29
350118.74354535725,-633,29
329112.6697828025,-589,29
309574.22972269217,-565,29
310626.7041120263,-567,29
307629.7137746319,-562,29
339581.96816492954,-611,29
317491.8449695712,-574,29
337430.3873247922,-608,29
332002.84009958996,-595,29
335228.94537901005,-604,29
333778.2506849475,-602,29
329867.0295760262,-590,29
324291.44046402833,-583,29
328366.0598855959,-587,29
328608.197357778,-588,29
308269.52047832095,-564,29
348999.13768961583,-629,29
331457.09491481923,-594,29
317491.8449695712,-574,29
309574.22972269217,-565,29
317491.8449695712,-574,29
317491.8449695712,-574,29
340833.2132301719,-614,29
345297.3344756551,-623,29
312898.5909766335,-570,29
340833.2132301719,-614,29
317491.8449695712,-574,29
318262.5435278093,-575,29
342344.6091277588,-617,29
330124.19057053246,-591,29
330908.0726938783,-592,29
310036.5783613261,-575,30
336152.2101030482,-618,30
295729.13843623886,-559,30
321154.0422894183,-592,30
321154.0422894183,-592,30
319919.5329682345,-590,30
332272.36714886554,-611,30
297810.88248644833,-561,30
311233.16154379596,-577,30
336152.2101030482,-618,30
324264.2789384595,-598,30
325107.0462549589,-599,30
312631.10242479,-579,30
317862.9830679779,-584,30
324227.3140451886,-597,30
295729.13843623886,-559,30
325107.0462549589,-599,30
295172.1149691121,-558,30
339254.2933505321,-621,30
332272.36714886554,-611,30
334837.9507735968,-615,30
332272.36714886554,-611,30
334774.3576591883,-614,30
321154.0422894183,-592,30
316116.5212557984,-582,30
297810.88248644833,-561,30
339254.2933505321,-621,30
310837.3107235862,-576,30
312631.10242479,-579,30
332101.583876724,-609,30
344696.95691163343,-633,30
336152.2101030482,-618,30
332272.36714886554,-611,30
297810.88248644833,-561,30
294245.3324687961,-557,30
297810.88248644833,-561,30
338841.6105279717,-619,30
343431.6557772299,-631,30
295172.1149691121,-558,30
312396.44645632437,-578,30
330258.9649698927,-607,30
295729.13843623886,-559,30
301758.5485088725,-562,30
295172.1149691121,-558,30
328796.19702290505,-604,30
321009.69044852833,-591,30
325107.0462549589,-599,30
344220.743126316,-632,30
297810.88248644833,-561,30
342395.46150843945,-628,30
325107.0462549589,-599,30
339254.2933505321,-621,30
336152.2101030482,-618,30
341727.36085085216,-626,30
330258.9649698927,-607,30
319602.41082910006,-589,30
317862.9830679779,-584,30
336152.2101030482,-618,30
309147.5604799863,-572,30
307159.36306187673,-571,30
342395.46150843945,-628,30
301758.5485088725,-562,30
317862.9830679779,-584,30
326385.2858035365,-601,30
339192.89637608686,-620,30
309776.4165139585,-574,30
295729.13843623886,-559,30
341579.45008817717,-625,30
301758.5485088725,-562,30
317862.9830679779,-584,30
333147.61081460444,-612,30
334086.0928081717,-613,30
312631.10242479,-579,30
294245.3324687961,-557,30
293752.34279079235,-556,30
317828.9356313702,-583,30
302881.14740071737,-564,30
339774.2863420522,-622,30
295729.13843623886,-559,30
304705.2777853547,-566,30
295172.1149691121,-558,30
306809.7257033357,-570,30
317862.9830679779,-584,30
330642.60078819015,-608,30
309629.4318762282,-573,30
323760.3759452213,-595,30
295172.1149691121,-558,30
297810.88248644833,-561,30
325107.0462549589,-599,30
313472.3406215586,-580,30
318549.69647247304,-585,30
328247.26234191976,-602,30
341998.02588813263,-627,30
309776.4165139585,-574,30
309629.4318762282,-573,30
333147.61081460444,-612,30
325951.4714192193,-600,30
340439.2389967827,-623,30
317862.9830679779,-584,30
335860.17833192024,-617,30
334837.9507735968,-615,30
341225.2506121005,-624,30
295172.1149691121,-558,30
343411.87376339163,-630,30
306149.24631544336,-569,30
324227.3140451886,-597,30
294245.3324687961,-557,30
339254.2933505321,-621,30
334837.9507735968,-615,30
297344.85912524944,-560,30
322376.38080888434,-593,30
330165.00635715335,-605,30
322376.38080888434,-593,30
344696.95691163343,-633,30
340439.2389967827,-623,30
304705.2777853547,-566,30
293752.34279079235,-556,30
335181.62869289785,-616,30
344696.95691163343,-633,30
325107.0462549589,-599,30
342974.8408368086,-629,30
313472.3406215586,-580,30
313529.8840265715,-581,30
334837.9507735968,-615,30
